deal_id,candidate_id,restaurant_id,restaurant_name,deal_title,deal_description,public_title,public_description,deal_type,alcohol_classification,days_available,start_time,end_time,start_date,end_date,recurrence,price,discount,minimum_purchase,dine_in,takeout,delivery,happy_hour,source_id,source_capture_id,source_check_id,direct_confirmation_id,source_tier,source_url,source_name,evidence_type,evidence_captured_at,evidence_url_or_path,archive_url_or_path,screenshot_path,source_quote,evidence_summary,content_hash,last_seen_active,last_verified_at,expires_on,next_check_due,confidence_status,workflow_status,mvp_publish_eligible,publish_block_reason,location_scope_status,location_evidence,review_task_id,review_reason,assigned_reviewer,review_decision,decision_reason,reviewed_by,reviewed_at,public_copy_approved,restriction_notes,uncertainty_flags,conflict_detected,conflicting_source_url,validation_notes,added_by,created_at,updated_at,published_at,hidden_at,supersedes_deal_id
,cand-wilmington-cornelias-thu-wings-2026-06-04,cornelias,Cornelia's,Thursday 6 wings for $10,Official weekly-specials page supports Thursday 6 wings for $10 from 4-9 PM; alcohol-adjacent copy must be suppressed.,,,wing_special,food_only,Thursday,16:00,21:00,,,weekly,$10,,,true,false,false,false,src-cornelias-primary,cap-wilmington-cornelias-weekly-specials-2026-06-04,,,tier_1_official,https://corneliasrestaurant.com/menus/,Cornelia's official menus,official_website_screenshot_and_normalized_text,2026-06-04T03:17:03Z,ops/research/intake/wilmington-2026-06-03/evidence/cornelias/cornelias-menus-normalized-evidence-2026-06-04.txt,ops/research/intake/wilmington-2026-06-03/evidence/cornelias/cornelias-evidence-note-2026-06-04.md,ops/research/intake/wilmington-2026-06-03/evidence/cornelias/cornelias-menus-2026-06-04.png,Weekly Specials 4-9 PM; Thursday 6 wings for $10.,Captured official menus page supports the Thursday 6 wings for $10 candidate; alcohol-adjacent terms are excluded.,4b254eca6758b541f771f147e0dfdf4abef2c25006e876d7016c6c136adc7797,2026-06-04,2026-06-04,,2026-07-04,verified,needs_review,false,needs_human_review;public_copy_not_approved;public_access_review_required,wilmington_confirmed,"Official page lists 980 Roundhouse Circle, Wilmington, NC 28411; public access at The Davis Community must be confirmed.",rt-wilmington-cornelias-thu-wings-2026-06-04,Review food-only copy restrictions public access and captured durable evidence.,,,,,,false,Alcohol references must be excluded; public access conditions unknown.,public_access_unclear;restrictions_incomplete,false,,Durable official page screenshot and normalized text captured for review only; not publication-ready.,codex_agent_intake,2026-06-04,2026-06-04,,,
,cand-wilmington-cornelias-thu-smashburger-2026-06-04,cornelias,Cornelia's,Thursday $10 smashburgers,Official weekly-specials page supports Thursday smashburgers for $10 from 4-9 PM; alcohol-adjacent copy must be suppressed.,,,burger_special,food_only,Thursday,16:00,21:00,,,weekly,$10,,,true,false,false,false,src-cornelias-primary,cap-wilmington-cornelias-weekly-specials-2026-06-04,,,tier_1_official,https://corneliasrestaurant.com/menus/,Cornelia's official menus,official_website_screenshot_and_normalized_text,2026-06-04T03:17:03Z,ops/research/intake/wilmington-2026-06-03/evidence/cornelias/cornelias-menus-normalized-evidence-2026-06-04.txt,ops/research/intake/wilmington-2026-06-03/evidence/cornelias/cornelias-evidence-note-2026-06-04.md,ops/research/intake/wilmington-2026-06-03/evidence/cornelias/cornelias-menus-2026-06-04.png,Weekly Specials 4-9 PM; Thursday $10 smashburgers.,Captured official menus page supports the Thursday $10 smashburgers candidate; alcohol-adjacent terms are excluded.,4b254eca6758b541f771f147e0dfdf4abef2c25006e876d7016c6c136adc7797,2026-06-04,2026-06-04,,2026-07-04,verified,needs_review,false,needs_human_review;public_copy_not_approved;public_access_review_required,wilmington_confirmed,"Official page lists 980 Roundhouse Circle, Wilmington, NC 28411; public access at The Davis Community must be confirmed.",rt-wilmington-cornelias-thu-smashburger-2026-06-04,Review food-only copy restrictions public access and captured durable evidence.,,,,,,false,Alcohol references must be excluded; public access conditions unknown.,public_access_unclear;restrictions_incomplete,false,,Durable official page screenshot and normalized text captured for review only; not publication-ready.,codex_agent_intake,2026-06-04,2026-06-04,,,
,cand-wilmington-tomiko-san-sushi-hour-2026-06-04,tomiko-san,Tomiko-San,Sushi Hour food specials,Official event page supports Sushi Hour Tuesday-Thursday 5-7 PM with rolls and chef-curated bites; no item prices visible.,,,sushi_hour,food_only,Tuesday;Wednesday;Thursday,17:00,19:00,,,weekly,,,,true,false,false,true,src-tomiko-san-primary,cap-wilmington-tomiko-san-sushi-hour-2026-06-04,,,tier_1_official,https://www.tomiko-san.com/event/sushi-hour/,Tomiko-San Sushi Hour,manual_web_review,2026-06-04T12:00:00-04:00,https://www.tomiko-san.com/event/sushi-hour/,,,Tuesday-Thursday 5:00-7:00 PM.,Official event page-backed Sushi Hour candidate for internal review only.,,2026-06-04,2026-06-04,,2026-07-04,verified,needs_review,false,needs_human_review;durable_capture_required;public_copy_not_approved;price_missing;drink_copy_suppression_required,wilmington_confirmed,"Official page lists 1904 Eastwood Road Suite 109, Wilmington, NC 28403.",rt-wilmington-tomiko-san-sushi-hour-2026-06-04,Review mixed food and drink source for food-safe copy and confirm exact food items/prices.,,,,,,false,Suppress drink-special copy; exact food list and prices are not visible.,price_missing;exact_food_items_missing;mixed_food_alcohol;durable_capture_missing,false,,Proposed intake row only; not publication-ready.,codex_agent_intake,2026-06-04,2026-06-04,,,
,cand-wilmington-el-cerro-mj-lunch-specials-2026-06-04,el-cerro-grande-monkey-junction,El Cerro Grande - Monkey Junction,Lunch Specials menu,Official menu supports Lunch Specials Monday-Saturday 11 AM-2:30 PM with listed lunch prices; reviewer must decide if regular lunch-menu category qualifies as a deal.,,,lunch_special,food_only,Monday;Tuesday;Wednesday;Thursday;Friday;Saturday,11:00,14:30,,,weekly,prices vary,,,true,true,true,false,src-el-cerro-grande-monkey-junction-primary,cap-wilmington-el-cerro-mj-lunch-specials-2026-06-04,,,tier_1_official,https://elcerrogranderestaurant.com/menu,El Cerro Grande official menu,manual_web_review,2026-06-04T12:00:00-04:00,https://elcerrogranderestaurant.com/menu/,,,Mon-Sat 11 AM - 2:30 PM.,Official menu-backed lunch-specials candidate for internal review only.,,2026-06-04,2026-06-04,,2026-07-04,verified,needs_review,false,needs_human_review;durable_capture_required;regular_menu_qualification_required;monkey_junction_boundary_review_required,wilmington_boundary_sensitive,"Official location page lists 5120 College Rd #109, Wilmington, NC 28412; Monkey Junction boundary review required before publication.",rt-wilmington-el-cerro-mj-lunch-specials-2026-06-04,Decide whether regular lunch-menu specials qualify as deals and complete Monkey Junction boundary review.,,,,,,false,Lunch prices vary by item; source appears to be a regular menu category rather than a discount event.,regular_menu_qualification_required;monkey_junction_boundary_review_required;durable_capture_missing,false,,Proposed intake row only; not publication-ready.,codex_agent_intake,2026-06-04,2026-06-04,,,
,cand-wilmington-michaelangelos-mj-slices-drink-2026-06-04,michaelangelos-pizza-monkey-junction,Michaelangelo's Pizza - Monkey Junction,2 cheese slices and fountain drink,Official image-based specials page supports 2 cheese slices plus fountain drink for $6.99 with dine-in or pickup-only restriction.,,,pizza_slice_combo,food_only,,,,,,limited_time,$6.99,,,true,true,false,false,src-michaelangelos-pizza-monkey-junction-primary,cap-wilmington-michaelangelos-mj-specials-2026-06-04,,,tier_1_official,https://www.michaelangelosmj.com/specials,Michaelangelo's Pizza official specials,manual_web_image_capture,2026-06-04T12:00:00-04:00,https://static6.mysiteserver.net/Images/michaelangelos/site/images/specials/2-cheese-slices-and-fountain-drink.png,ops/research/intake/wilmington-2026-06-03/evidence/michaelangelos-pizza-monkey-junction/michaelangelos-specials-page-2026-06-04.html,ops/research/intake/wilmington-2026-06-03/evidence/michaelangelos-pizza-monkey-junction/michaelangelos-specials-page-2026-06-04.png,2 Cheese Slices + Fountain Drink; Only $6.99; Dine in or pick up only.,"Official page HTML archive, rendered screenshot, exact image asset, and normalized OCR text captured under ops/research/intake/wilmington-2026-06-03/evidence/michaelangelos-pizza-monkey-junction.",sha256:03ba69c26280cc4575e8fba5127df1942b4e8e371fd3f1f7427b477f5eb9e671,2026-06-04,2026-06-04,2026-06-18,2026-06-11,verified,needs_review,false,needs_human_review;image_based_price_review_required;public_copy_not_approved;limited_time_no_end_date;monkey_junction_boundary_review_required,wilmington_boundary_sensitive,"Official page lists 5617 Carolina Beach Rd #110, Wilmington, NC 28412; Monkey Junction boundary review required before publication.",rt-wilmington-michaelangelos-mj-slices-drink-2026-06-04,Complete OCR screenshot capture verify restrictions and complete Monkey Junction boundary review.,,,,,,false,Dine in or pick up only; cannot combine offers; limited time; premium toppings may be an additional charge; prices subject to change.,image_based_price_review_required;limited_time_no_end_date;monkey_junction_boundary_review_required,false,,Durable evidence artifacts captured for review only; candidate is not approved or publication-ready.,codex_agent_intake,2026-06-04,2026-06-04,,,
,cand-wilmington-might-as-well-cheeseburgers-2026-06-04,might-as-well-wilmington,Might As Well Bar & Grill,Thursday cheeseburgers,Official specials page lists a June 4 food special for cheeseburgers with a visible price and time window; alcohol copy excluded.,,,daily_food_special,food_only,Thursday,12:00,02:00,2026-06-04,2026-06-04,one_day_date_window,$5.99,,,true,false,false,false,src-might-as-well-wilmington-primary,cap-wilmington-might-as-well-specials-2026-06-04,,,tier_1_official,https://wilmington.mightaswellbarandgrill.com/wilmington-might-as-well-bar-and-grill-wilmington-happy-hours-specials,Might As Well Bar & Grill official specials,manual_web_review,2026-06-04T13:00:00-04:00,https://wilmington.mightaswellbarandgrill.com/wilmington-might-as-well-bar-and-grill-wilmington-happy-hours-specials,ops/research/intake/wilmington-2026-06-03/evidence/might-as-well/2026-06-04-cheeseburgers-normalized.txt,,Thursday Game Night! $5.99 cheese burgers,Official page still supports the June 4 food-only cheeseburger extraction; local normalized text artifact captured for review.,sha256:5d5b71a42649985e06dd53db182d4ee18adef5cfca6eea489888af0db341b890,2026-06-04,2026-06-04,2026-06-05,2026-06-05,verified,needs_review,false,local normalized text evidence captured; no human approval; public copy not approved; volatile date-windowed source; expires next day,wilmington_confirmed,"250 Racine Dr. Unit 15, Wilmington, NC 28403",rt-wilmington-might-as-well-cheeseburgers-2026-06-04,Volatile official source needs review and food-only copy.,,,,,,false,Alcohol-adjacent source copy must be suppressed.,alcohol_adjacent_source;date_windowed;text_artifact_only,false,,Internal candidate only; local normalized text artifact captured 2026-06-04; do not add to public fixtures without reviewer approval and freshness handling.,codex_agent_intake,2026-06-04,2026-06-04,,,
,cand-wilmington-sawmill-pasta-night-2026-06-04,sawmill-restaurant,Sawmill Restaurant,Thursday Pasta Night,Official daily specials page lists a June 4 Pasta Night special with visible time window; price and item details are not listed.,,,daily_food_special,food_only,Thursday,07:00,20:00,2026-06-04,2026-06-04,one_day_date_window,See source,,,true,true,false,false,src-sawmill-restaurant-primary,cap-wilmington-sawmill-daily-specials-2026-06-04,,,tier_1_official,https://thesawmillrestaurant.com/daily-specials/,Sawmill Restaurant official daily specials,manual_web_review,2026-06-04T13:00:00-04:00,https://thesawmillrestaurant.com/daily-specials/,ops/research/intake/wilmington-2026-06-03/evidence/sawmill-restaurant/2026-06-04-pasta-night-normalized.txt,,Thursday June 4th; Daily Special: Pasta Night,"Official page still supports the June 4 Pasta Night title and time window, but price and item details remain missing.",sha256:f272e2b3a71c668c6498817b441193075bd9adf96e7757e094929a7f449bf2c7,2026-06-04,2026-06-04,2026-06-05,2026-06-05,verified,needs_review,false,local normalized text evidence captured; no human approval; public copy not approved; price/details missing; Monkey Junction boundary-sensitive; expires next day,wilmington_boundary_sensitive,"Monkey Junction / 5611 Carolina Beach Rd, Wilmington, NC 28412",rt-wilmington-sawmill-pasta-night-2026-06-04,Volatile official source needs review and Monkey Junction boundary handling.,,,,,,false,Confirm price and exact dish details before any public copy.,missing_price;missing_item_detail;boundary_sensitive;date_windowed;text_artifact_only,false,,"Internal candidate only; local normalized text artifact captured 2026-06-04; do not add to public fixtures without direct confirmation or reviewer approval, boundary review, and freshness handling.",codex_agent_intake,2026-06-04,2026-06-04,,,
,cand-wilmington-fortunate-glass-chicken-mole-soup-2026-06-04,fortunate-glass,Fortunate Glass,Chicken Mole Black Bean Soup weekly food special,"Official Weekly Specials PDF lists Chicken Mole Black Bean Soup with item description and price 18. Durable PDF artifact, normalized text, and hashes are captured; human food-only review is still required.",,,other_food_special,food_only,,,,,,weekly,$18,,,true,false,false,false,src-fortunate-glass-primary,cap-wilmington-fortunate-glass-weekly-food-pdf-2026-06-04,,,tier_1_official,https://cdn.prod.website-files.com/5dcc3f2fe62de194794ac6ab/6a078f1a114bab7f2aabc7d9_WINES%20-%202026-05-15T150957.674.pdf,Fortunate Glass official Weekly Food Specials PDF,official_pdf_download_structured_text,2026-06-04T03:16:04-04:00,ops/research/intake/wilmington-2026-06-03/evidence/fortunate-glass/weekly-food-specials-normalized-text-2026-06-04.txt,ops/research/intake/wilmington-2026-06-03/evidence/fortunate-glass/weekly-specials-2026-05-15.pdf,,Chicken Mole Black Bean Soup,Downloaded official Weekly Specials PDF supports Chicken Mole Black Bean Soup at 18; alcohol items are excluded from this candidate.,74f39a74ca4519ca05e7534e64d838ef4d715a6a30fee41febd38c1df658c2ce,2026-06-04,2026-06-04,,2026-06-14,verified,needs_review,false,Needs human food-only reviewer approval and public copy approval before publication.,wilmington_confirmed,"Official source and fixture identify 29 S Front St, Wilmington, NC 28401.",rt-wilmington-fortunate-glass-chicken-mole-soup-2026-06-04,"Official PDF evidence is captured; human review must verify food-only copy, price formatting, recurrence, and missing day/time limits.",,,,,,false,No weekday/time window or restrictions found in captured PDF text.,time_window_missing;alcohol_suppression_required;human_review_required,false,,Durable PDF artifact and normalized text captured for review only; do not publish or promote without approval.,codex_agent_intake,2026-06-04,2026-06-04,,,
,cand-wilmington-fortunate-glass-spicy-garden-flatbread-2026-06-04,fortunate-glass,Fortunate Glass,Spicy Garden Flatbread weekly food special,"Official Weekly Specials PDF lists Spicy Garden Flatbread with item description and price 18. Durable PDF artifact, normalized text, and hashes are captured; human food-only review is still required.",,,other_food_special,food_only,,,,,,weekly,$18,,,true,false,false,false,src-fortunate-glass-primary,cap-wilmington-fortunate-glass-weekly-food-pdf-2026-06-04,,,tier_1_official,https://cdn.prod.website-files.com/5dcc3f2fe62de194794ac6ab/6a078f1a114bab7f2aabc7d9_WINES%20-%202026-05-15T150957.674.pdf,Fortunate Glass official Weekly Food Specials PDF,official_pdf_download_structured_text,2026-06-04T03:16:04-04:00,ops/research/intake/wilmington-2026-06-03/evidence/fortunate-glass/weekly-food-specials-normalized-text-2026-06-04.txt,ops/research/intake/wilmington-2026-06-03/evidence/fortunate-glass/weekly-specials-2026-05-15.pdf,,Spicy Garden Flatbread,Downloaded official Weekly Specials PDF supports Spicy Garden Flatbread at 18; alcohol items are excluded from this candidate.,74f39a74ca4519ca05e7534e64d838ef4d715a6a30fee41febd38c1df658c2ce,2026-06-04,2026-06-04,,2026-06-14,verified,needs_review,false,Needs human food-only reviewer approval and public copy approval before publication.,wilmington_confirmed,"Official source and fixture identify 29 S Front St, Wilmington, NC 28401.",rt-wilmington-fortunate-glass-spicy-garden-flatbread-2026-06-04,"Official PDF evidence is captured; human review must verify food-only copy, price formatting, recurrence, and missing day/time limits.",,,,,,false,No weekday/time window or restrictions found in captured PDF text.,time_window_missing;alcohol_suppression_required;human_review_required,false,,Durable PDF artifact and normalized text captured for review only; do not publish or promote without approval.,codex_agent_intake,2026-06-04,2026-06-04,,,
,cand-wilmington-tidewater-daily-specials-food-2026-06-04,tidewater-oyster-bar,Tidewater Oyster Bar,Daily Specials food items,"Official-linked Toast page reviewed by agent notes showed a Daily Specials section with Shark Bites $16, Tuna Tataki $15, Catch $34, Land $24, Lobster Mac Entree $35, and Clam Strips $15. No explicit date, weekday, time window, or recurrence was visible.",,,other_food_special,food_only,,,,2026-06-04,2026-06-04,date_specific,Shark Bites $16; Tuna Tataki $15; Catch $34; Land $24; Lobster Mac Entree $35; Clam Strips $15,,,true,false,false,false,src-tidewater-oyster-bar-toast-2026-06-04,cap-wilmington-tidewater-toast-daily-specials-2026-06-04,,,tier_3_partner,https://order.toasttab.com/online/tidewater-oyster-bar,Tidewater Oyster Bar official-linked Toast ordering page,partner_ordering_page_review_pending_durable_capture,2026-06-04T12:00:00-04:00,,,,Daily Specials,Official site links Toast; agent note reports current Toast Daily Specials category with food items/prices but no recurrence/date fields.,,2026-06-04,2026-06-04,2026-06-05,2026-06-05,probable,needs_review,false,Partner-current Toast source needs same-day/next-day expiry or direct confirmation plus durable capture and review; official site link alone does not verify exact item list.,wilmington_confirmed,"Official source and fixture identify 8211 Market St Unit DD, Wilmington, NC 28411.",rt-wilmington-tidewater-daily-specials-2026-06-04,"Toast current specials need durable capture, same-day/next-day expiry handling, and/or direct confirmation before any publication path.",,,,,,false,"No time window, recurrence, day applicability, or restrictions visible in agent notes.",partner_source;date_specific_unclear;time_window_missing;recurrence_missing;direct_confirmation_recommended;confidence_downgraded_until_direct_confirmation,false,,Draft intake row only; tier_3 partner item list should not be treated as verified official evidence without direct confirmation or official capture.,codex_agent_intake,2026-06-04,2026-06-04,,,
,cand-wilmington-might-as-well-wings-2026-06-05,might-as-well-wilmington,Might As Well Bar & Grill,Friday 99 cent wings,Official specials page lists a June 5 wings special with price language; mug and drink copy excluded. Source time conflicts with all-day wording and needs review.,,,wing_special,food_only,Friday,00:00,02:00,2026-06-05,2026-06-05,one_day_date_window,$0.99,,,true,false,false,false,src-might-as-well-wilmington-primary,cap-wilmington-might-as-well-future-specials-2026-06-04,,,tier_1_official,https://wilmington.mightaswellbarandgrill.com/wilmington-might-as-well-bar-and-grill-wilmington-happy-hours-specials,Might As Well Bar & Grill official specials,official_website_normalized_text,2026-06-04T15:00:00-04:00,https://wilmington.mightaswellbarandgrill.com/wilmington-might-as-well-bar-and-grill-wilmington-happy-hours-specials,ops/research/intake/wilmington-2026-06-03/evidence/might-as-well/2026-06-05-09-food-specials-normalized.txt,,99 CENT WINGS,Official page supports June 5 wings price language; local normalized text artifact captured for review.,sha256:4ec0b320444ca3531b59d8a896e9ef28c8bd647e552ca797b98d297987de352b,2026-06-04,2026-06-04,2026-06-06,2026-06-05,verified,needs_review,false,local normalized text evidence captured; no human approval; public copy not approved; volatile date-windowed source; time conflict needs review,wilmington_confirmed,"250 Racine Dr. Unit 15, Wilmington, NC 28403",rt-wilmington-might-as-well-wings-2026-06-05,Volatile official source needs review and food-only copy.,,,,,,false,Mug and drink copy must be suppressed; listed time conflicts with all-day source wording.,alcohol_adjacent_source;time_window_needs_review;date_windowed;text_artifact_only,false,,Internal candidate only; do not add to public fixtures without reviewer approval freshness handling and food-only copy approval.,codex_agent_task_c,2026-06-04,2026-06-04,,,
,cand-wilmington-might-as-well-sunday-buffet-2026-06-07,might-as-well-wilmington,Might As Well Bar & Grill,Sunday buffet,Official specials page lists a June 7 Sunday buffet with visible price and time window.,,,buffet_special,food_only,Sunday,12:30,02:00,2026-06-07,2026-06-07,one_day_date_window,$15.99,,,true,false,false,false,src-might-as-well-wilmington-primary,cap-wilmington-might-as-well-future-specials-2026-06-04,,,tier_1_official,https://wilmington.mightaswellbarandgrill.com/wilmington-might-as-well-bar-and-grill-wilmington-happy-hours-specials,Might As Well Bar & Grill official specials,official_website_normalized_text,2026-06-04T15:00:00-04:00,https://wilmington.mightaswellbarandgrill.com/wilmington-might-as-well-bar-and-grill-wilmington-happy-hours-specials,ops/research/intake/wilmington-2026-06-03/evidence/might-as-well/2026-06-05-09-food-specials-normalized.txt,,Sunday Buffett $15.99,Official page supports June 7 buffet price and displayed time window; local normalized text artifact captured for review.,sha256:4ec0b320444ca3531b59d8a896e9ef28c8bd647e552ca797b98d297987de352b,2026-06-04,2026-06-04,2026-06-08,2026-06-05,verified,needs_review,false,local normalized text evidence captured; no human approval; public copy not approved; volatile date-windowed source; late end time needs review,wilmington_confirmed,"250 Racine Dr. Unit 15, Wilmington, NC 28403",rt-wilmington-might-as-well-sunday-buffet-2026-06-07,Volatile official source needs review and food-only copy.,,,,,,false,Confirm whether displayed late end time applies to buffet service or venue hours.,late_end_time_needs_review;date_windowed;text_artifact_only,false,,Internal candidate only; do not add to public fixtures without reviewer approval freshness handling and public copy approval.,codex_agent_task_c,2026-06-04,2026-06-04,,,
,cand-wilmington-might-as-well-large-pizza-discount-2026-06-07,might-as-well-wilmington,Might As Well Bar & Grill,Sunday large pizza discount,Official specials page lists a June 7 food discount for large pizzas with visible amount and time window.,,,pizza_special,food_only,Sunday,12:30,02:00,2026-06-07,2026-06-07,one_day_date_window,,$5 off,,true,false,false,false,src-might-as-well-wilmington-primary,cap-wilmington-might-as-well-future-specials-2026-06-04,,,tier_1_official,https://wilmington.mightaswellbarandgrill.com/wilmington-might-as-well-bar-and-grill-wilmington-happy-hours-specials,Might As Well Bar & Grill official specials,official_website_normalized_text,2026-06-04T15:00:00-04:00,https://wilmington.mightaswellbarandgrill.com/wilmington-might-as-well-bar-and-grill-wilmington-happy-hours-specials,ops/research/intake/wilmington-2026-06-03/evidence/might-as-well/2026-06-05-09-food-specials-normalized.txt,,$5 Off Large Pizza's,Official page supports June 7 large pizza discount and displayed time window; local normalized text artifact captured for review.,sha256:4ec0b320444ca3531b59d8a896e9ef28c8bd647e552ca797b98d297987de352b,2026-06-04,2026-06-04,2026-06-08,2026-06-05,verified,needs_review,false,local normalized text evidence captured; no human approval; public copy not approved; volatile date-windowed source; late end time needs review,wilmington_confirmed,"250 Racine Dr. Unit 15, Wilmington, NC 28403",rt-wilmington-might-as-well-large-pizza-discount-2026-06-07,Volatile official source needs review and food-only copy.,,,,,,false,Confirm whether displayed late end time applies to pizza discount service or venue hours.,late_end_time_needs_review;date_windowed;text_artifact_only,false,,Internal candidate only; do not add to public fixtures without reviewer approval freshness handling and public copy approval.,codex_agent_task_c,2026-06-04,2026-06-04,,,
,cand-wilmington-might-as-well-appetizer-menu-2026-06-08,might-as-well-wilmington,Might As Well Bar & Grill,Monday $5 appetizer menu,Official specials page lists a June 8 appetizer menu special with visible price and time window; event and alcohol copy excluded.,,,appetizer_special,food_only,Monday,12:00,14:00,2026-06-08,2026-06-08,one_day_date_window,$5,,,true,false,false,false,src-might-as-well-wilmington-primary,cap-wilmington-might-as-well-future-specials-2026-06-04,,,tier_1_official,https://wilmington.mightaswellbarandgrill.com/wilmington-might-as-well-bar-and-grill-wilmington-happy-hours-specials,Might As Well Bar & Grill official specials,official_website_normalized_text,2026-06-04T15:00:00-04:00,https://wilmington.mightaswellbarandgrill.com/wilmington-might-as-well-bar-and-grill-wilmington-happy-hours-specials,ops/research/intake/wilmington-2026-06-03/evidence/might-as-well/2026-06-05-09-food-specials-normalized.txt,,$5 appetizer menu,Official page supports June 8 appetizer menu price and time window; local normalized text artifact captured for review.,sha256:4ec0b320444ca3531b59d8a896e9ef28c8bd647e552ca797b98d297987de352b,2026-06-04,2026-06-04,2026-06-09,2026-06-05,verified,needs_review,false,local normalized text evidence captured; no human approval; public copy not approved; event and alcohol copy suppressed,wilmington_confirmed,"250 Racine Dr. Unit 15, Wilmington, NC 28403",rt-wilmington-might-as-well-appetizer-menu-2026-06-08,Volatile official source needs review and food-only copy.,,,,,,false,Event and alcohol copy must be suppressed; confirm appetizer menu scope if approving.,alcohol_adjacent_source;event_adjacent_source;date_windowed;text_artifact_only,false,,Internal candidate only; do not add to public fixtures without reviewer approval freshness handling and public copy approval.,codex_agent_task_c,2026-06-04,2026-06-04,,,
,cand-wilmington-might-as-well-cheese-quesadilla-2026-06-09,might-as-well-wilmington,Might As Well Bar & Grill,Tuesday cheese quesadilla,Official specials page lists a June 9 cheese quesadilla special with visible price and time window; margarita copy excluded.,,,quesadilla_special,food_only,Tuesday,12:00,02:00,2026-06-09,2026-06-09,one_day_date_window,$1,,,true,false,false,false,src-might-as-well-wilmington-primary,cap-wilmington-might-as-well-future-specials-2026-06-04,,,tier_1_official,https://wilmington.mightaswellbarandgrill.com/wilmington-might-as-well-bar-and-grill-wilmington-happy-hours-specials,Might As Well Bar & Grill official specials,official_website_normalized_text,2026-06-04T15:00:00-04:00,https://wilmington.mightaswellbarandgrill.com/wilmington-might-as-well-bar-and-grill-wilmington-happy-hours-specials,ops/research/intake/wilmington-2026-06-03/evidence/might-as-well/2026-06-05-09-food-specials-normalized.txt,,$1 cheese quesadilla,Official page supports June 9 cheese quesadilla price and displayed time window; local normalized text artifact captured for review.,sha256:4ec0b320444ca3531b59d8a896e9ef28c8bd647e552ca797b98d297987de352b,2026-06-04,2026-06-04,2026-06-10,2026-06-05,verified,needs_review,false,local normalized text evidence captured; no human approval; public copy not approved; volatile date-windowed source; alcohol copy suppressed,wilmington_confirmed,"250 Racine Dr. Unit 15, Wilmington, NC 28403",rt-wilmington-might-as-well-cheese-quesadilla-2026-06-09,Volatile official source needs review and food-only copy.,,,,,,false,Margarita copy must be suppressed; confirm whether displayed late end time applies to food service.,alcohol_adjacent_source;late_end_time_needs_review;date_windowed;text_artifact_only,false,,Internal candidate only; do not add to public fixtures without reviewer approval freshness handling and public copy approval.,codex_agent_task_c,2026-06-04,2026-06-04,,,
,cand-wilmington-sawmill-coffee-cake-combo-2026-06-06,sawmill-restaurant,Sawmill Restaurant,Saturday coffee cake combo,Official specials page lists a June 6 coffee and coffee cake combo with visible price and time window; alcohol row from same date excluded.,,,breakfast_special,food_only,Saturday,10:00,14:00,2026-06-06,2026-06-06,one_day_date_window,$6,,,true,true,false,false,src-sawmill-restaurant-primary,cap-wilmington-sawmill-priced-future-specials-2026-06-04,,,tier_1_official,https://thesawmillrestaurant.com/daily-specials/,Sawmill Restaurant official daily specials,official_website_normalized_text,2026-06-04T15:00:00-04:00,https://thesawmillrestaurant.com/daily-specials/,ops/research/intake/wilmington-2026-06-03/evidence/sawmill-restaurant/2026-06-05-09-priced-food-specials-normalized.txt,,Cup of Coffee and Slice of Coffee Cake - $6,Official page supports June 6 coffee cake combo price and time window; local normalized text artifact captured for review.,sha256:c49227dd01a7d94cb1ff1170720e6ff9af09b8f713fddbc84485c8470d79258d,2026-06-04,2026-06-04,2026-06-07,2026-06-05,verified,needs_review,false,local normalized text evidence captured; no human approval; public copy not approved; Monkey Junction boundary-sensitive; alcohol row excluded,wilmington_boundary_sensitive,"Monkey Junction / 5611 Carolina Beach Rd, Wilmington, NC 28412",rt-wilmington-sawmill-coffee-cake-combo-2026-06-06,Volatile official source needs review and Monkey Junction boundary handling.,,,,,,false,Alcohol item from same date must be excluded; complete Monkey Junction boundary review before any promotion.,alcohol_adjacent_source;boundary_sensitive;date_windowed;text_artifact_only,false,,Internal candidate only; do not add to public fixtures without reviewer approval boundary review freshness handling and public copy approval.,codex_agent_task_c,2026-06-04,2026-06-04,,,
,cand-wilmington-sawmill-avocado-toast-2026-06-06,sawmill-restaurant,Sawmill Restaurant,Saturday avocado toast,Official specials page lists a June 6 avocado toast special with item detail price add-on price and time window; alcohol row from same date excluded.,,,breakfast_special,food_only,Saturday,10:00,14:00,2026-06-06,2026-06-06,one_day_date_window,$11,,,true,true,false,false,src-sawmill-restaurant-primary,cap-wilmington-sawmill-priced-future-specials-2026-06-04,,,tier_1_official,https://thesawmillrestaurant.com/daily-specials/,Sawmill Restaurant official daily specials,official_website_normalized_text,2026-06-04T15:00:00-04:00,https://thesawmillrestaurant.com/daily-specials/,ops/research/intake/wilmington-2026-06-03/evidence/sawmill-restaurant/2026-06-05-09-priced-food-specials-normalized.txt,,Avocado Toast $11; bacon for $2,Official page supports June 6 avocado toast price details and time window; local normalized text artifact captured for review.,sha256:c49227dd01a7d94cb1ff1170720e6ff9af09b8f713fddbc84485c8470d79258d,2026-06-04,2026-06-04,2026-06-07,2026-06-05,verified,needs_review,false,local normalized text evidence captured; no human approval; public copy not approved; Monkey Junction boundary-sensitive; alcohol row excluded,wilmington_boundary_sensitive,"Monkey Junction / 5611 Carolina Beach Rd, Wilmington, NC 28412",rt-wilmington-sawmill-avocado-toast-2026-06-06,Volatile official source needs review and Monkey Junction boundary handling.,,,,,,false,Bacon add-on is separately priced; alcohol item from same date must be excluded.,addon_price;alcohol_adjacent_source;boundary_sensitive;date_windowed;text_artifact_only,false,,Internal candidate only; do not add to public fixtures without reviewer approval boundary review freshness handling and public copy approval.,codex_agent_task_c,2026-06-04,2026-06-04,,,
,cand-wilmington-sawmill-avocado-toast-2026-06-07,sawmill-restaurant,Sawmill Restaurant,Sunday avocado toast,Official specials page lists a June 7 avocado toast special with item detail price add-on price and time window; alcohol row from same date excluded.,,,breakfast_special,food_only,Sunday,11:00,14:00,2026-06-07,2026-06-07,one_day_date_window,$11,,,true,true,false,false,src-sawmill-restaurant-primary,cap-wilmington-sawmill-priced-future-specials-2026-06-04,,,tier_1_official,https://thesawmillrestaurant.com/daily-specials/,Sawmill Restaurant official daily specials,official_website_normalized_text,2026-06-04T15:00:00-04:00,https://thesawmillrestaurant.com/daily-specials/,ops/research/intake/wilmington-2026-06-03/evidence/sawmill-restaurant/2026-06-05-09-priced-food-specials-normalized.txt,,Avocado Toast $11; bacon for $2,Official page supports June 7 avocado toast price details and time window; local normalized text artifact captured for review.,sha256:c49227dd01a7d94cb1ff1170720e6ff9af09b8f713fddbc84485c8470d79258d,2026-06-04,2026-06-04,2026-06-08,2026-06-05,verified,needs_review,false,local normalized text evidence captured; no human approval; public copy not approved; Monkey Junction boundary-sensitive; alcohol row excluded,wilmington_boundary_sensitive,"Monkey Junction / 5611 Carolina Beach Rd, Wilmington, NC 28412",rt-wilmington-sawmill-avocado-toast-2026-06-07,Volatile official source needs review and Monkey Junction boundary handling.,,,,,,false,Bacon add-on is separately priced; alcohol item from same date must be excluded.,addon_price;alcohol_adjacent_source;boundary_sensitive;date_windowed;text_artifact_only,false,,Internal candidate only; do not add to public fixtures without reviewer approval boundary review freshness handling and public copy approval.,codex_agent_task_c,2026-06-04,2026-06-04,,,
,cand-wilmington-sawmill-coffee-cake-combo-2026-06-07,sawmill-restaurant,Sawmill Restaurant,Sunday coffee cake combo,Official specials page lists a June 7 coffee and coffee cake combo with visible price and time window; alcohol row from same date excluded.,,,breakfast_special,food_only,Sunday,11:00,14:00,2026-06-07,2026-06-07,one_day_date_window,$6,,,true,true,false,false,src-sawmill-restaurant-primary,cap-wilmington-sawmill-priced-future-specials-2026-06-04,,,tier_1_official,https://thesawmillrestaurant.com/daily-specials/,Sawmill Restaurant official daily specials,official_website_normalized_text,2026-06-04T15:00:00-04:00,https://thesawmillrestaurant.com/daily-specials/,ops/research/intake/wilmington-2026-06-03/evidence/sawmill-restaurant/2026-06-05-09-priced-food-specials-normalized.txt,,Cup of Coffee and Slice of Coffee Cake - $6,Official page supports June 7 coffee cake combo price and time window; local normalized text artifact captured for review.,sha256:c49227dd01a7d94cb1ff1170720e6ff9af09b8f713fddbc84485c8470d79258d,2026-06-04,2026-06-04,2026-06-08,2026-06-05,verified,needs_review,false,local normalized text evidence captured; no human approval; public copy not approved; Monkey Junction boundary-sensitive; alcohol row excluded,wilmington_boundary_sensitive,"Monkey Junction / 5611 Carolina Beach Rd, Wilmington, NC 28412",rt-wilmington-sawmill-coffee-cake-combo-2026-06-07,Volatile official source needs review and Monkey Junction boundary handling.,,,,,,false,Alcohol item from same date must be excluded; complete Monkey Junction boundary review before any promotion.,alcohol_adjacent_source;boundary_sensitive;date_windowed;text_artifact_only,false,,Internal candidate only; do not add to public fixtures without reviewer approval boundary review freshness handling and public copy approval.,codex_agent_task_c,2026-06-04,2026-06-04,,,
,cand-wilmington-michaelangelos-mj-18-inch-1-topping-2026-06-04,michaelangelos-pizza-monkey-junction,Michaelangelo's Pizza - Monkey Junction,18-inch 1-topping pizza,Official image-based specials page supports an 18-inch 1-topping pizza for $19.99 with pickup-only restriction.,,,pizza_special,food_only,,,,,,limited_time,$19.99,,,false,true,false,false,src-michaelangelos-pizza-monkey-junction-primary,cap-wilmington-michaelangelos-mj-18-inch-1-topping-2026-06-04,,,tier_1_official,https://www.michaelangelosmj.com/specials,Michaelangelo's Pizza official specials,manual_web_image_review,2026-06-04T12:00:00-04:00,https://static7.mysiteserver.net/Images/michaelangelos/site/images/specials/18-inch-pizza-1-topping.png,ops/research/intake/wilmington-2026-06-03/evidence/michaelangelos-pizza-monkey-junction/michaelangelos-specials-page-2026-06-04.html,ops/research/intake/wilmington-2026-06-03/evidence/michaelangelos-pizza-monkey-junction/michaelangelos-specials-page-2026-06-04.png,18-inch pizza (1 topping); pick up only; only $19.99.,Existing official page HTML archive and rendered screenshot show the image-based special; reviewer must verify OCR before any publication decision.,sha256:7163193c542e9b474996fd3875dd290d083356effdac3715fe70a33d0a65aa55,2026-06-04,2026-06-04,2026-06-18,2026-06-11,verified,needs_review,false,needs_human_review;image_based_price_review_required;public_copy_not_approved;limited_time_no_end_date;monkey_junction_boundary_review_required,wilmington_boundary_sensitive,"Official page lists 5617 Carolina Beach Rd #110, Wilmington, NC 28412; Monkey Junction boundary review required before publication.",rt-wilmington-michaelangelos-mj-18-inch-1-topping-2026-06-04,"Review saved page screenshot/image evidence, verify OCR and restrictions, confirm service-mode applicability where missing, and complete Monkey Junction boundary review.",,,,,,false,Pick up only; cannot combine offers; limited time; premium toppings may be an additional charge; prices subject to change.,image_based_price_review_required;limited_time_no_end_date;monkey_junction_boundary_review_required,false,,Internal review candidate only; gates closed and no publication decision recorded.,codex_agent_intake,2026-06-04,2026-06-04,,,
,cand-wilmington-michaelangelos-mj-16-inch-cheesy-bread-2026-06-04,michaelangelos-pizza-monkey-junction,Michaelangelo's Pizza - Monkey Junction,16-inch 1-topping pizza plus cheesy bread,Official image-based specials page supports a 16-inch 1-topping pizza plus cheesy bread for $23.99.,,,pizza_bundle,food_only,,,,,,limited_time,$23.99,,,unknown,unknown,unknown,false,src-michaelangelos-pizza-monkey-junction-primary,cap-wilmington-michaelangelos-mj-16-inch-cheesy-bread-2026-06-04,,,tier_1_official,https://www.michaelangelosmj.com/specials,Michaelangelo's Pizza official specials,manual_web_image_review,2026-06-04T12:00:00-04:00,https://static8.mysiteserver.net/Images/michaelangelos/site/images/specials/16-inch-pizza-1-topping-and-cheesy-bread.png,ops/research/intake/wilmington-2026-06-03/evidence/michaelangelos-pizza-monkey-junction/michaelangelos-specials-page-2026-06-04.html,ops/research/intake/wilmington-2026-06-03/evidence/michaelangelos-pizza-monkey-junction/michaelangelos-specials-page-2026-06-04.png,16-inch pizza (1 topping) + cheesy bread; only $23.99.,Existing official page HTML archive and rendered screenshot show the image-based special; reviewer must verify OCR before any publication decision.,sha256:1d23f22548d4ec92f2f757e964f3f5a7d8c0174a874f4dc21a53f2c2d64e5af5,2026-06-04,2026-06-04,2026-06-18,2026-06-11,verified,needs_review,false,needs_human_review;image_based_price_review_required;public_copy_not_approved;limited_time_no_end_date;monkey_junction_boundary_review_required;service_mode_unknown,wilmington_boundary_sensitive,"Official page lists 5617 Carolina Beach Rd #110, Wilmington, NC 28412; Monkey Junction boundary review required before publication.",rt-wilmington-michaelangelos-mj-16-inch-cheesy-bread-2026-06-04,"Review saved page screenshot/image evidence, verify OCR and restrictions, confirm service-mode applicability where missing, and complete Monkey Junction boundary review.",,,,,,false,Cannot combine offers; limited time; premium toppings may be an additional charge; prices subject to change. Deal-specific service mode not visible in captured image; reviewer must verify dine-in/takeout/delivery applicability.,image_based_price_review_required;limited_time_no_end_date;monkey_junction_boundary_review_required;service_mode_unknown,false,,Internal review candidate only; gates closed and no publication decision recorded.,codex_agent_intake,2026-06-04,2026-06-04,,,
,cand-wilmington-michaelangelos-mj-two-14-inch-1-topping-2026-06-04,michaelangelos-pizza-monkey-junction,Michaelangelo's Pizza - Monkey Junction,Two 14-inch 1-topping pizzas,Official image-based specials page supports two 14-inch 1-topping pizzas for $24.99.,,,pizza_bundle,food_only,,,,,,limited_time,$24.99,,,unknown,unknown,unknown,false,src-michaelangelos-pizza-monkey-junction-primary,cap-wilmington-michaelangelos-mj-two-14-inch-1-topping-2026-06-04,,,tier_1_official,https://www.michaelangelosmj.com/specials,Michaelangelo's Pizza official specials,manual_web_image_review,2026-06-04T12:00:00-04:00,https://static9.mysiteserver.net/Images/michaelangelos/site/images/specials/2-14-inches-pizzas-1-topping.png,ops/research/intake/wilmington-2026-06-03/evidence/michaelangelos-pizza-monkey-junction/michaelangelos-specials-page-2026-06-04.html,ops/research/intake/wilmington-2026-06-03/evidence/michaelangelos-pizza-monkey-junction/michaelangelos-specials-page-2026-06-04.png,2 14-inch pizzas (1 topping); only $24.99.,Existing official page HTML archive and rendered screenshot show the image-based special; reviewer must verify OCR before any publication decision.,sha256:afcfde90626fa5ff973ae4f2e28d01edec255df9bc1554d68c6b46134d3508de,2026-06-04,2026-06-04,2026-06-18,2026-06-11,verified,needs_review,false,needs_human_review;image_based_price_review_required;public_copy_not_approved;limited_time_no_end_date;monkey_junction_boundary_review_required;service_mode_unknown,wilmington_boundary_sensitive,"Official page lists 5617 Carolina Beach Rd #110, Wilmington, NC 28412; Monkey Junction boundary review required before publication.",rt-wilmington-michaelangelos-mj-two-14-inch-1-topping-2026-06-04,"Review saved page screenshot/image evidence, verify OCR and restrictions, confirm service-mode applicability where missing, and complete Monkey Junction boundary review.",,,,,,false,Cannot combine offers; limited time; premium toppings may be an additional charge; prices subject to change. Deal-specific service mode not visible in captured image; reviewer must verify dine-in/takeout/delivery applicability.,image_based_price_review_required;limited_time_no_end_date;monkey_junction_boundary_review_required;service_mode_unknown,false,,Internal review candidate only; gates closed and no publication decision recorded.,codex_agent_intake,2026-06-04,2026-06-04,,,
,cand-wilmington-michaelangelos-mj-two-18-inch-1-topping-2026-06-04,michaelangelos-pizza-monkey-junction,Michaelangelo's Pizza - Monkey Junction,Two 18-inch 1-topping pizzas,Official image-based specials page supports two 18-inch 1-topping pizzas for $39.99.,,,pizza_bundle,food_only,,,,,,limited_time,$39.99,,,unknown,unknown,unknown,false,src-michaelangelos-pizza-monkey-junction-primary,cap-wilmington-michaelangelos-mj-two-18-inch-1-topping-2026-06-04,,,tier_1_official,https://www.michaelangelosmj.com/specials,Michaelangelo's Pizza official specials,manual_web_image_review,2026-06-04T12:00:00-04:00,https://static10.mysiteserver.net/Images/michaelangelos/site/images/specials/2-18-inches-pizzas-1-topping.png,ops/research/intake/wilmington-2026-06-03/evidence/michaelangelos-pizza-monkey-junction/michaelangelos-specials-page-2026-06-04.html,ops/research/intake/wilmington-2026-06-03/evidence/michaelangelos-pizza-monkey-junction/michaelangelos-specials-page-2026-06-04.png,2 18-inch pizzas (1 topping); only $39.99.,Existing official page HTML archive and rendered screenshot show the image-based special; reviewer must verify OCR before any publication decision.,sha256:e21c63288b815ef468f6eedc1501629a97f9ae64425712a0059b37cce9dfe574,2026-06-04,2026-06-04,2026-06-18,2026-06-11,verified,needs_review,false,needs_human_review;image_based_price_review_required;public_copy_not_approved;limited_time_no_end_date;monkey_junction_boundary_review_required;service_mode_unknown,wilmington_boundary_sensitive,"Official page lists 5617 Carolina Beach Rd #110, Wilmington, NC 28412; Monkey Junction boundary review required before publication.",rt-wilmington-michaelangelos-mj-two-18-inch-1-topping-2026-06-04,"Review saved page screenshot/image evidence, verify OCR and restrictions, confirm service-mode applicability where missing, and complete Monkey Junction boundary review.",,,,,,false,Cannot combine offers; limited time; premium toppings may be an additional charge; prices subject to change. Deal-specific service mode not visible in captured image; reviewer must verify dine-in/takeout/delivery applicability.,image_based_price_review_required;limited_time_no_end_date;monkey_junction_boundary_review_required;service_mode_unknown,false,,Internal review candidate only; gates closed and no publication decision recorded.,codex_agent_intake,2026-06-04,2026-06-04,,,
,cand-hurricane-alleys-cb-centennial-shrimp-2026-06-04,hurricane-alleys,Hurricane Alley's,CB Centennial peel and eat shrimp,Official restaurant menu lists chilled peel and eat shrimp with a CB Centennial special over a pound for $19.95.,,,seafood_special,food_only,,,,,,ongoing_menu_special,$19.95,,,true,true,unknown,false,src-hurricane-alleys-primary,cap-hurricane-alleys-cb-centennial-shrimp-2026-06-04,,,tier_1_official,https://hurricanealleyscb.com/hurricane-alleys-restaurant-menu/,Hurricane Alley's official restaurant menu,manual_web_review,2026-06-04T09:59:04-04:00,ops/research/intake/wilmington-2026-06-03/evidence/carolina-beach-official-scan/hurricane-alleys-cb-centennial-shrimp-normalized-2026-06-04.txt,,,Official menu text lists a CB Centenial special with over a pound for $19.95.,Official website supports item price and Carolina Beach location; recurrence and active-special interpretation require review.,sha256:1186b211ae5542ba1250db833e36b5b53feb1ce3a42f5699db5f40fddfb1c25a,2026-06-04,2026-06-04,,2026-07-04,verified,needs_review,false,no human review; public copy not approved; recurrence unclear; confirm current special versus standard menu label,carolina_beach_confirmed,"Official page lists 5 Boardwalk, Carolina Beach, NC.",rt-hurricane-alleys-cb-centennial-shrimp-2026-06-04,Confirm current active status recurrence restrictions and copy spelling.,codex_research_review,,,,,false,No listed day or time window; source spelling says Centenial.,recurrence_unclear;special_label_needs_review;copy_spelling_needs_review,false,,Internal candidate only; do not publish without human review.,codex_agent_handoff,2026-06-04,2026-06-04,,,
,cand-wilmington-k38-porters-neck-monday-5-food-items-2026-06-04,k38-porters-neck,K38 Porters Neck,Monday $5 food items,Official Porters Neck location page lists Monday $5 food items starting at 5pm; food-only public copy must suppress drink wording.,,,mexican_special,food_only,Monday,17:00,,,,weekly,$5,,,true,false,false,false,src-k38-porters-neck-primary,cap-wilmington-k38-porters-neck-specials-2026-06-04,,,tier_1_official,https://k38bajagrill.com/locations/porters-neck/,K38 Porters Neck official location page,official_website_normalized_text,2026-06-04T10:25:43-04:00,ops/research/intake/wilmington-2026-06-03/evidence/k38-porters-neck/official-specials-normalized-2026-06-04.txt,,,Cinco de Monday (Everything $5); food specials start at 5:00pm; all specials are dine-in only.,Official website supports price day start time dine-in restriction and Wilmington location; alcohol wording suppressed.,sha256:7460208399e02494bcfec06b6df593c4318462ca924464fb705f0f679682084b,2026-06-04,2026-06-04,,2026-07-04,verified,needs_review,false,no human review; public copy not approved; end time missing; food-only copy needed,wilmington_confirmed,"Official page lists 8211 Market Street, Wilmington, NC 28411.",rt-wilmington-k38-porters-neck-monday-5-food-items-2026-06-04,Review food-only copy exact item list and missing end time.,codex_research_review,,,,,false,Dine-in only; starts at 5pm; source includes drink wording to suppress.,end_time_unknown;alcohol_adjacent_source;public_copy_needed,false,,Internal candidate only; do not publish without human review.,codex_agent_handoff,2026-06-04,2026-06-04,,,
,cand-wilmington-k38-porters-neck-wednesday-half-off-quesadilla-2026-06-04,k38-porters-neck,K38 Porters Neck,Wednesday half-off De La Casa quesadilla,Official Porters Neck location page lists half off De La Casa quesadilla on Wednesday starting at 5pm; dine-in only.,,,quesadilla_special,food_only,Wednesday,17:00,,,,weekly,,50% off,,true,false,false,false,src-k38-porters-neck-primary,cap-wilmington-k38-porters-neck-specials-2026-06-04,,,tier_1_official,https://k38bajagrill.com/locations/porters-neck/,K38 Porters Neck official location page,official_website_normalized_text,2026-06-04T10:25:43-04:00,ops/research/intake/wilmington-2026-06-03/evidence/k38-porters-neck/official-specials-normalized-2026-06-04.txt,,,Quesadilla Wednesday's; 1/2 Off De La Casa Quesadilla; food specials start at 5:00pm; all specials are dine-in only.,Official website supports discount item day start time dine-in restriction and Wilmington location.,sha256:7460208399e02494bcfec06b6df593c4318462ca924464fb705f0f679682084b,2026-06-04,2026-06-04,,2026-07-04,verified,needs_review,false,no human review; public copy not approved; base price and end time missing,wilmington_confirmed,"Official page lists 8211 Market Street, Wilmington, NC 28411.",rt-wilmington-k38-porters-neck-wednesday-half-off-quesadilla-2026-06-04,Review discount wording base-price absence and missing end time.,codex_research_review,,,,,false,Dine-in only; starts at 5pm; no explicit end time or base price captured.,end_time_unknown;price_base_not_captured;public_copy_needed,false,,Internal candidate only; do not publish without human review.,codex_agent_handoff,2026-06-04,2026-06-04,,,
,cand-wilmington-k38-forum-monday-5-food-items-2026-06-04,k38-forum,K38 Forum,Monday $5 food items,Official Forum location page lists Monday $5 food items starting at 5pm; food-only public copy must suppress drink wording.,,,mexican_special,food_only,Monday,17:00,,,,weekly,$5,,,true,false,false,false,src-k38-forum-primary,cap-wilmington-k38-forum-specials-2026-06-04,,,tier_1_official,https://k38bajagrill.com/locations/forum/,K38 Forum official location page,official_website_normalized_text,2026-06-04T10:25:43-04:00,ops/research/intake/wilmington-2026-06-03/evidence/k38-forum/official-specials-normalized-2026-06-04.txt,,,Cinco de Monday (Everything $5); food specials start at 5:00pm; all specials are dine-in only.,Official website supports price day start time dine-in restriction and Wilmington location; alcohol wording suppressed.,sha256:8017531bc874125341321a9a0b28e1121b16782d8afd5e4824e72cdc7bab691d,2026-06-04,2026-06-04,,2026-07-04,verified,needs_review,false,no human review; public copy not approved; end time missing; food-only copy needed,wilmington_confirmed,"Official page lists 1127 Military Cutoff Road, Wilmington, NC 28405.",rt-wilmington-k38-forum-monday-5-food-items-2026-06-04,Review food-only copy exact item list and missing end time.,codex_research_review,,,,,false,Dine-in only; starts at 5pm; source includes drink wording to suppress.,end_time_unknown;alcohol_adjacent_source;public_copy_needed,false,,Internal candidate only; do not publish without human review.,codex_agent_handoff,2026-06-04,2026-06-04,,,
,cand-wilmington-k38-forum-wednesday-half-off-quesadilla-2026-06-04,k38-forum,K38 Forum,Wednesday half-off De La Casa quesadilla,Official Forum location page lists half off De La Casa quesadilla on Wednesday starting at 5pm; dine-in only.,,,quesadilla_special,food_only,Wednesday,17:00,,,,weekly,,50% off,,true,false,false,false,src-k38-forum-primary,cap-wilmington-k38-forum-specials-2026-06-04,,,tier_1_official,https://k38bajagrill.com/locations/forum/,K38 Forum official location page,official_website_normalized_text,2026-06-04T10:25:43-04:00,ops/research/intake/wilmington-2026-06-03/evidence/k38-forum/official-specials-normalized-2026-06-04.txt,,,Quesadilla Wednesday's; 1/2 Off De La Casa Quesadilla; food specials start at 5:00pm; all specials are dine-in only.,Official website supports discount item day start time dine-in restriction and Wilmington location.,sha256:8017531bc874125341321a9a0b28e1121b16782d8afd5e4824e72cdc7bab691d,2026-06-04,2026-06-04,,2026-07-04,verified,needs_review,false,no human review; public copy not approved; base price and end time missing,wilmington_confirmed,"Official page lists 1127 Military Cutoff Road, Wilmington, NC 28405.",rt-wilmington-k38-forum-wednesday-half-off-quesadilla-2026-06-04,Review discount wording base-price absence and missing end time.,codex_research_review,,,,,false,Dine-in only; starts at 5pm; no explicit end time or base price captured.,end_time_unknown;price_base_not_captured;public_copy_needed,false,,Internal candidate only; do not publish without human review.,codex_agent_handoff,2026-06-04,2026-06-04,,,
,cand-wilmington-prost-flounder-sandwich-2026-06-05,prost-biergarten,Prost Biergarten,Friday flounder sandwich lunch special,Official specials page lists a June 5 flounder sandwich lunch special for $15 with chips or fries; alcohol copy excluded.,,,sandwich_special,food_only,Friday,11:00,16:00,2026-06-05,2026-06-05,one_day_date_window,$15,,,unknown,unknown,unknown,false,src-prost-biergarten-primary,cap-wilmington-prost-specials-2026-06-04,,,tier_1_official,https://prostilm.com/wilmington-downtown-prost-biergarten-happy-hours-specials,Prost Biergarten official specials page,official_website_normalized_text,2026-06-04T10:25:43-04:00,ops/research/intake/wilmington-2026-06-03/evidence/prost-biergarten/official-specials-normalized-2026-06-04.txt,,,"Friday June 5: Flounder Sandwich Lunch Special served with chips or fries, price $15, source text says 11-4.",Official website supports date item price and Wilmington location; page time block appears malformed and needs review.,sha256:f24c03a17a07fb167ffec33bb5043b2b1a0f642d6cb487119210d598f840b665,2026-06-04,2026-06-04,2026-06-06,2026-06-05,verified,needs_review,false,no human review; public copy not approved; date-windowed volatile source; service mode unknown,wilmington_confirmed,"Official page lists 115 South Front Street, Wilmington, NC 28401.",rt-wilmington-prost-flounder-sandwich-2026-06-05,Review date-windowed special time display conflict service mode and food-only copy.,codex_research_review,,,,,false,Service mode not visible; source has alcohol specials to suppress; June 5 time display needs review.,date_windowed;source_time_display_conflict;service_mode_unknown;alcohol_adjacent_source;public_copy_needed,false,,Internal candidate only; do not publish without human review.,codex_agent_handoff,2026-06-04,2026-06-04,,,
,cand-wilmington-prost-smash-burger-2026-06-09,prost-biergarten,Prost Biergarten,Tuesday smash burger lunch special,Official specials page lists a June 9 smash burger lunch special for $10; alcohol copy excluded.,,,burger_special,food_only,Tuesday,11:00,16:00,2026-06-09,2026-06-09,one_day_date_window,$10,,,unknown,unknown,unknown,false,src-prost-biergarten-primary,cap-wilmington-prost-specials-2026-06-04,,,tier_1_official,https://prostilm.com/wilmington-downtown-prost-biergarten-happy-hours-specials,Prost Biergarten official specials page,official_website_normalized_text,2026-06-04T10:25:43-04:00,ops/research/intake/wilmington-2026-06-03/evidence/prost-biergarten/official-specials-normalized-2026-06-04.txt,,,"Tuesday June 9: Smash Burger Lunch Special, price $10, from 11:00 AM to 04:00 PM.",Official website supports date item price time and Wilmington location; service mode needs review.,sha256:f24c03a17a07fb167ffec33bb5043b2b1a0f642d6cb487119210d598f840b665,2026-06-04,2026-06-04,2026-06-10,2026-06-05,verified,needs_review,false,no human review; public copy not approved; date-windowed volatile source; service mode unknown,wilmington_confirmed,"Official page lists 115 South Front Street, Wilmington, NC 28401.",rt-wilmington-prost-smash-burger-2026-06-09,Review date-windowed special service mode and food-only copy.,codex_research_review,,,,,false,Service mode not visible; source has alcohol specials to suppress.,date_windowed;service_mode_unknown;alcohol_adjacent_source;public_copy_needed,false,,Internal candidate only; do not publish without human review.,codex_agent_handoff,2026-06-04,2026-06-04,,,
,cand-wilmington-block-taco-pizza-box-2026-06-04,block-taco,Block Taco,Pizza Box,Official Current Specials section lists a Pizza Box with 10 tacos except fish plus chips with all three dips for $55.,,,taco_special,food_only,Monday;Tuesday;Wednesday;Thursday;Friday;Saturday;Sunday,,,,,ongoing_menu_special,$55,,,unknown,unknown,unknown,false,src-block-taco-primary,cap-wilmington-block-taco-pizza-box-2026-06-04,,,tier_1_official,https://blocktaco.com/,Block Taco official website,official_website_normalized_text,2026-06-04T10:25:43-04:00,ops/research/intake/wilmington-2026-06-03/evidence/block-taco/official-specials-normalized-2026-06-04.txt,,,Current Specials section includes Pizza Box; any 10 tacos except fish; includes chips with all 3 dips; $55.,Official website supports item price and Wilmington location; reviewer must decide whether group-pack special qualifies.,sha256:f9f40563f8f6e73a7ef5ae574a210050668578b8803025953238f99417c01490,2026-06-04,2026-06-04,,2026-07-04,verified,needs_review,false,no human review; public copy not approved; group-pack qualification required; service mode unknown,wilmington_confirmed,"Official page lists 120 Greenfield St #B, Wilmington, NC 28401.",rt-wilmington-block-taco-pizza-box-2026-06-04,Review group-pack qualification service mode and public copy.,codex_research_review,,,,,false,Any 10 tacos except fish; chips with all three dips included; service mode not visible.,catering_pack_qualification_required;service_mode_unknown;public_copy_needed,false,,Internal candidate only; do not publish without human review.,codex_agent_handoff,2026-06-04,2026-06-04,,,
,cand-fentonis-weekday-2-slice-lunch-2026-06-04,fentonis-pizza,Fentoni's Pizza,Weekday 2-slice lunch special,Official daily-specials page lists any 2 slices and a fountain drink for $8.41 plus tax Monday-Friday 11am-2pm dine-in only at the Publix location.,,,lunch_special,food_only,Monday;Tuesday;Wednesday;Thursday;Friday,11:00,14:00,,,weekly,$8.41,,,true,false,false,false,src-cb-fentonis-daily-specials,cap-fentonis-weekday-2-slice-lunch-2026-06-04,,,tier_1_official,https://fentonispizza.com/daily-specials,Fentoni's Pizza daily specials page,manual_web_review,2026-06-04T10:25:43-04:00,ops/research/intake/wilmington-2026-06-03/evidence/carolina-beach-official-scan/fentonis-daily-specials-normalized-2026-06-04.txt,,,Lunch Special Monday Thru Friday 11am-2pm; any 2 slices and a fountain drink; $8.41 plus tax; dine in only; available at Publix location only.,Official website supports item price weekday range time window dine-in restriction and Carolina Beach location.,sha256:9ce01b99d6b3b15ec281fb147c4751bf1960328c269e92103802b8c76bce2dc1,2026-06-04,2026-06-04,,2026-07-04,verified,needs_review,false,no human review; public copy not approved; restriction wording needed,carolina_beach_confirmed,"Official home page lists 1018 North Lake Park Boulevard, Carolina Beach, NC 28428.",rt-fentonis-weekday-2-slice-lunch-2026-06-04,Review public copy and restriction handling.,codex_research_review,,,,,false,Available at Publix location only; dine-in only; plus tax.,public_copy_needed,false,,Internal candidate only; do not publish without human review.,codex_agent_handoff,2026-06-04,2026-06-04,,,
,cand-k38-cb-cinco-monday-food-2026-06-04,k38-baja-grill,K38 Baja Grill,Cinco de Monday food specials,Official Carolina Beach location page lists Cinco de Monday with $5 food items starting at 5pm and dine-in only; alcohol wording excluded.,,,weekday_special,food_only,Monday,17:00,,,,weekly,$5,,,true,false,false,false,src-cb-k38-location,cap-k38-cb-weekday-specials-2026-06-04,,,tier_1_official,https://k38bajagrill.com/locations/carolina-beach/,K38 Carolina Beach location page,manual_web_review,2026-06-04T10:25:43-04:00,ops/research/intake/wilmington-2026-06-03/evidence/carolina-beach-official-scan/k38-carolina-beach-weekday-specials-normalized-2026-06-04.txt,,,Cinco de Monday (Everything $5); food specials start at 5:00pm; all specials are dine-in only.,Official website supports price day start time restriction and Carolina Beach location; public copy must mention only food items.,sha256:eb42ae9071a013021fa235e1d14cb3b8ec484772aa85b802d16ce525ef9bf6df,2026-06-04,2026-06-04,,2026-07-04,verified,needs_review,false,no human review; public copy not approved; food-only copy needed,carolina_beach_confirmed,"Official page lists 1000 N. Lake Park Blvd Suite 101, Carolina Beach, NC 28428.",rt-k38-cb-cinco-monday-food-2026-06-04,Review food-only copy and exact item list.,codex_research_review,,,,,false,Dine-in only; starts at 5pm; food-only copy should exclude margarita wording.,alcohol_adjacent_copy;end_time_unknown;public_copy_needed,false,,Internal candidate only; do not publish without human review.,codex_agent_handoff,2026-06-04,2026-06-04,,,
,cand-k38-cb-quesadilla-wednesday-2026-06-04,k38-baja-grill,K38 Baja Grill,Quesadilla Wednesday,Official Carolina Beach location page lists half off De La Casa quesadilla on Wednesday starting at 5pm and dine-in only.,,,weekday_special,food_only,Wednesday,17:00,,,,weekly,,1/2 off,,true,false,false,false,src-cb-k38-location,cap-k38-cb-weekday-specials-2026-06-04,,,tier_1_official,https://k38bajagrill.com/locations/carolina-beach/,K38 Carolina Beach location page,manual_web_review,2026-06-04T10:25:43-04:00,ops/research/intake/wilmington-2026-06-03/evidence/carolina-beach-official-scan/k38-carolina-beach-weekday-specials-normalized-2026-06-04.txt,,,Quesadilla Wednesday's; 1/2 Off De La Casa Quesadilla; food specials start at 5:00pm; all specials are dine-in only.,Official website supports item discount day start time restriction and Carolina Beach location.,sha256:eb42ae9071a013021fa235e1d14cb3b8ec484772aa85b802d16ce525ef9bf6df,2026-06-04,2026-06-04,,2026-07-04,verified,needs_review,false,no human review; public copy not approved; end time missing,carolina_beach_confirmed,"Official page lists 1000 N. Lake Park Blvd Suite 101, Carolina Beach, NC 28428.",rt-k38-cb-quesadilla-wednesday-2026-06-04,Review public copy and whether end time should remain blank.,codex_research_review,,,,,false,Dine-in only; starts at 5pm; no explicit food-special end time.,end_time_unknown;public_copy_needed,false,,Internal candidate only; do not publish without human review.,codex_agent_handoff,2026-06-04,2026-06-04,,,
