deal_id,candidate_id,restaurant_id,restaurant_name,deal_title,deal_description,public_title,public_description,deal_type,alcohol_classification,days_available,start_time,end_time,start_date,end_date,recurrence,price,discount,minimum_purchase,dine_in,takeout,delivery,happy_hour,source_id,source_capture_id,source_check_id,direct_confirmation_id,source_tier,source_url,source_name,evidence_type,evidence_captured_at,evidence_url_or_path,archive_url_or_path,screenshot_path,source_quote,evidence_summary,content_hash,last_seen_active,last_verified_at,expires_on,next_check_due,confidence_status,workflow_status,mvp_publish_eligible,publish_block_reason,location_scope_status,location_evidence,review_task_id,review_reason,assigned_reviewer,review_decision,decision_reason,reviewed_by,reviewed_at,public_copy_approved,restriction_notes,uncertainty_flags,conflict_detected,conflicting_source_url,validation_notes,added_by,created_at,updated_at,published_at,hidden_at,supersedes_deal_id,fixture_data_class,is_live_data,prototype_notice
deal-beat-street-tuesday-2-tacos,seed-beat-street-tuesday-2-tacos,beat-street,Beat Street,Taco Tuesday $2 tacos,Official site supports $2 tacos Tuesdays 4-7 PM.,$2 tacos at Beat Street,Beat Street lists $2 tacos on Tuesdays from 4-7 PM.,taco_special,food_only,Tuesday,16:00,19:00,,,weekly,$2,,,,,,false,src-beat-street-primary,cap-beat-street-2026-06-01,chk-beat-street-2026-06-01,,tier_1_official,https://www.beatstreetilm.com/,Beat Street official website,manual_web_review,2026-06-01T12:00:00-04:00,https://www.beatstreetilm.com/,fixtures/prototype/evidence/verified-static/src-beat-street-primary.md,,Official site supports $2 tacos Tuesdays 4-7 PM.,Official website source-backed taco candidate reviewed for static prototype.,sha256:521995c87c16d7b894727c6a2dbaf545bb7cbf266c5686d965ff56ab31b9896b,2026-06-01,2026-06-01,,2026-06-15,verified,approved,true,,wilmington_confirmed,Official site and fixture restaurant row list Cargo District Wilmington address.,rt-beat-street-tacos-public-review,Source-backed candidate reviewed for first public prototype deal.,codex_phase_1c,approved,Official source supports exact food-only taco special and time window.,codex_phase_1c,2026-06-01T22:20:00-04:00,true,Time window 4-7 PM; other restrictions not captured.,restrictions_incomplete,false,,First reviewed prototype deal; static data only and not live availability.,codex_phase_1c,2026-06-01T22:20:00-04:00,2026-06-01T22:20:00-04:00,2026-06-01T22:20:00-04:00,,,verified_static,false,Static prototype data. Deal availability is not live and must be confirmed against the listed evidence date.
deal-ponysaurus-monday-half-price-wings,seed-ponysaurus-monday-half-price-wings,ponysaurus-wilmington,Ponysaurus Brewing Co. Wilmington,1/2 price wings,Official Wilmington page supports Monday 1/2 price wings.,1/2 price wings at Ponysaurus Wilmington,Ponysaurus Wilmington lists 1/2 price wings on Mondays.,wing_special,food_only,Monday,,,,,weekly,,50% off,,,,,false,src-ponysaurus-wilmington-primary,cap-ponysaurus-wilmington-2026-06-02,chk-ponysaurus-wilmington-2026-06-02,,tier_1_official,https://www.ponysaurusbrewing.com/ilm,Ponysaurus Wilmington official page,manual_web_review,2026-06-02T09:30:00-04:00,https://www.ponysaurusbrewing.com/ilm,fixtures/prototype/evidence/verified-static/src-ponysaurus-wilmington-primary.md,,Official page lists Monday: $5 off pitchers and 1/2 price wings.,Official Wilmington page-backed wings candidate reviewed for static prototype.,sha256:62765eef3c55532d09cf05a3774908eeaa21b9fb40cd3d7d799c6355476e3236,2026-06-02,2026-06-02,,2026-06-16,verified,approved,true,,wilmington_confirmed,Official page lists 214 Market St Wilmington NC 28401.,rt-ponysaurus-wings-public-review,Source-backed candidate reviewed for static prototype public feed.,codex_phase_1d,approved,Official source supports exact food-only wings special; alcohol pitcher copy suppressed.,codex_phase_1d,2026-06-02T09:40:00-04:00,true,No time window captured; verify availability with restaurant before live use.,time_window_missing,false,,Static prototype deal; food-only copy approved and alcohol language suppressed.,codex_phase_1d,2026-06-02T09:40:00-04:00,2026-06-02T09:40:00-04:00,2026-06-02T09:40:00-04:00,,,verified_static,false,Static prototype data. Deal availability is not live and must be confirmed against the listed evidence date.
deal-ponysaurus-tuesday-10-pizza,seed-ponysaurus-tuesday-10-pizza,ponysaurus-wilmington,Ponysaurus Brewing Co. Wilmington,$10 one-topping pizza,Official Wilmington page supports Tuesday $10 one-topping pizzas.,$10 one-topping pizzas at Ponysaurus Wilmington,Ponysaurus Wilmington lists $10 one-topping pizzas on Tuesdays.,pizza_special,food_only,Tuesday,,,,,weekly,$10,,,,,,false,src-ponysaurus-wilmington-primary,cap-ponysaurus-wilmington-2026-06-02,chk-ponysaurus-wilmington-2026-06-02,,tier_1_official,https://www.ponysaurusbrewing.com/ilm,Ponysaurus Wilmington official page,manual_web_review,2026-06-02T09:30:00-04:00,https://www.ponysaurusbrewing.com/ilm,fixtures/prototype/evidence/verified-static/src-ponysaurus-wilmington-primary.md,,Official page lists Tuesday: $10 1 topping pizzas.,Official Wilmington page-backed pizza candidate reviewed for static prototype.,sha256:2defdcb3e5c50b54a5b8c1b09ad5e077ba1d0ca0463fd86c9ebc3c01e8835b0c,2026-06-02,2026-06-02,,2026-06-16,verified,approved,true,,wilmington_confirmed,Official page lists 214 Market St Wilmington NC 28401.,rt-ponysaurus-pizza-public-review,Source-backed candidate reviewed for static prototype public feed.,codex_phase_1d,approved,Official source supports exact food-only pizza special.,codex_phase_1d,2026-06-02T09:40:00-04:00,true,No time window captured; verify availability with restaurant before live use.,time_window_missing,false,,Static prototype deal; food-only copy approved.,codex_phase_1d,2026-06-02T09:40:00-04:00,2026-06-02T09:40:00-04:00,2026-06-02T09:40:00-04:00,,,verified_static,false,Static prototype data. Deal availability is not live and must be confirmed against the listed evidence date.
deal-ponysaurus-wednesday-half-price-burger,seed-ponysaurus-wednesday-half-price-burger,ponysaurus-wilmington,Ponysaurus Brewing Co. Wilmington,1/2 price burger,Official Wilmington page supports Wednesday 1/2 price burgers and veggie burgers.,1/2 price burgers at Ponysaurus Wilmington,Ponysaurus Wilmington lists 1/2 price burgers and veggie burgers on Wednesdays.,burger_special,food_only,Wednesday,,,,,weekly,,50% off,,,,,false,src-ponysaurus-wilmington-primary,cap-ponysaurus-wilmington-2026-06-02,chk-ponysaurus-wilmington-2026-06-02,,tier_1_official,https://www.ponysaurusbrewing.com/ilm,Ponysaurus Wilmington official page,manual_web_review,2026-06-02T09:30:00-04:00,https://www.ponysaurusbrewing.com/ilm,fixtures/prototype/evidence/verified-static/src-ponysaurus-wilmington-primary.md,,Official page lists Wednesday: 1/2 price burgers and veggie burgers.,Official Wilmington page-backed burger candidate reviewed for static prototype.,sha256:91f64fc93270e87a71ff14ed73fc3ad21a455d7685ad543e5bdeb5f5ffa12257,2026-06-02,2026-06-02,,2026-06-16,verified,approved,true,,wilmington_confirmed,Official page lists 214 Market St Wilmington NC 28401.,rt-ponysaurus-burger-public-review,Source-backed candidate reviewed for static prototype public feed.,codex_phase_1d,approved,Official source supports exact food-only burger special.,codex_phase_1d,2026-06-02T09:40:00-04:00,true,No time window captured; verify availability with restaurant before live use.,time_window_missing,false,,Static prototype deal; food-only copy approved.,codex_phase_1d,2026-06-02T09:40:00-04:00,2026-06-02T09:40:00-04:00,2026-06-02T09:40:00-04:00,,,verified_static,false,Static prototype data. Deal availability is not live and must be confirmed against the listed evidence date.
deal-caprice-bistro-tuesday-coq-au-vin,seed-caprice-bistro-tuesday-coq-au-vin,caprice-bistro,Caprice Bistro,Coq au Vin Tuesday,Official weekly-specials page supports Coq au Vin Tuesday.,Coq au Vin Tuesday at Caprice Bistro,Caprice Bistro lists Coq au Vin on Tuesday nights.,dinner_special,food_only,Tuesday,,,,,weekly,,,,,,,false,src-caprice-bistro-primary,cap-caprice-bistro-2026-06-02,chk-caprice-bistro-2026-06-02,,tier_1_official,https://www.capricebistro.com/weekly-specials,Caprice Bistro weekly specials page,manual_web_review,2026-06-02T10:15:00-04:00,https://www.capricebistro.com/weekly-specials,fixtures/prototype/evidence/verified-static/src-caprice-bistro-primary.md,,Official page lists Coq au Vin Tuesday as every Tuesday and Tuesday nights.,Official weekly-specials page-backed Tuesday dinner candidate reviewed for static prototype.,sha256:45e74d657594324b471abd8f9aa68c2ea7d901c96b510e2a6f4227ada2cba2a8,2026-06-02,2026-06-02,,2026-06-16,verified,approved,true,,wilmington_confirmed,Official weekly-specials page lists 10 Market St Wilmington NC 28401.,rt-caprice-coq-au-vin-public-review,Source-backed candidate reviewed for static prototype public feed.,codex_phase_1e,approved,Official source supports exact food-only Tuesday special; drink-adjacent page copy suppressed.,codex_phase_1e,2026-06-02T10:25:00-04:00,true,No exact price or start time captured; source says Tuesday nights.,price_missing;exact_start_time_missing,false,,Static prototype deal; food-only copy approved and alcohol language suppressed.,codex_phase_1e,2026-06-02T10:25:00-04:00,2026-06-02T10:25:00-04:00,2026-06-02T10:25:00-04:00,,,verified_static,false,Static prototype data. Deal availability is not live and must be confirmed against the listed evidence date.
deal-hells-kitchen-tuesday-meatball-sub,seed-hells-kitchen-tuesday-meatball-sub,hells-kitchen,Hell's Kitchen,Tuesday meatball sub and fries,Official homepage supports Tuesday food special: meatball sub and fries for $9.99.,Meatball sub and fries at Hell's Kitchen,Hell's Kitchen lists a Tuesday food special: meatball sub and fries for $9.99.,sandwich_special,food_only,Tuesday,11:00,16:00,,,weekly,$9.99,,,,,,false,src-hells-kitchen-primary,cap-hells-kitchen-2026-06-02,chk-hells-kitchen-2026-06-02,,tier_1_official,https://hellskitchenbar.com/,Hell's Kitchen official homepage,manual_web_review,2026-06-02T10:15:00-04:00,https://hellskitchenbar.com/,fixtures/prototype/evidence/verified-static/src-hells-kitchen-primary.md,,Official homepage lists Tuesday food special: Meatball Sub & Fries $9.99 under lunch 11am-4pm.,Official homepage-backed Tuesday lunch candidate reviewed for static prototype.,sha256:395b12708a266c7ebdb6378115faee2f30405c9c53f54efcd31391d15eba105a,2026-06-02,2026-06-02,,2026-06-16,verified,approved,true,,wilmington_confirmed,Official homepage lists Downtown Wilmington NC address.,rt-hells-kitchen-meatball-sub-public-review,Source-backed candidate reviewed for static prototype public feed.,codex_phase_1e,approved,Official source supports exact food-only Tuesday special and lunch time window; drink special copy suppressed.,codex_phase_1e,2026-06-02T10:25:00-04:00,true,Lunch 11 AM-4 PM; other restrictions not captured.,restrictions_incomplete,false,,Static prototype deal; food-only copy approved and drink language suppressed.,codex_phase_1e,2026-06-02T10:25:00-04:00,2026-06-02T10:25:00-04:00,2026-06-02T10:25:00-04:00,,,verified_static,false,Static prototype data. Deal availability is not live and must be confirmed against the listed evidence date.
deal-beat-street-wednesday-7-smashburgers,seed-beat-street-wednesday-7-smashburgers,beat-street,Beat Street,$7 smashburgers,Beat Street lists $7 smashburgers on Wednesdays from 4-7 PM.,$7 smashburgers at Beat Street,Beat Street lists $7 smashburgers on Wednesdays from 4-7 PM.,burger_special,food_only,Wednesday,16:00,19:00,,,weekly,$7,,,,,,false,src-beat-street-primary,cap-beat-street-2026-06-02-smashburgers,chk-beat-street-2026-06-02-smashburgers,,tier_1_official,https://www.beatstreetilm.com/,Beat Street official website,manual_web_review,2026-06-02T13:10:00-04:00,https://www.beatstreetilm.com/,fixtures/prototype/evidence/verified-static/src-beat-street-primary.md,,Official site lists $7 smashburgers on Wednesdays from 4-7 PM.,Official website source-backed Wednesday burger candidate reviewed for static prototype.,sha256:9815fbda1a9b007367c35fdfae90312d83c130196507f2b32f9f38f3e0f2a010,2026-06-02,2026-06-02,,2026-06-16,verified,approved,true,,wilmington_confirmed,"Official site lists 348 Hutchison Lane, Wilmington NC 28401.",rt-beat-street-smashburgers-public-review,Source-backed corrected Wednesday burger claim reviewed for static prototype public feed.,codex_phase_1h,approved,Official source supports exact food-only burger special and time window; superseded $5 wording remains blocked.,codex_phase_1h,2026-06-02T13:15:00-04:00,true,Wednesday 4-7 PM; other restrictions not captured.,restrictions_incomplete,false,,Static prototype deal; supersedes the older user-note $5 burger claim and uses current official wording.,codex_phase_1h,2026-06-02T13:15:00-04:00,2026-06-02T13:15:00-04:00,2026-06-02T13:15:00-04:00,,seed-beat-street-wednesday-5-burger,verified_static,false,Static prototype data. Deal availability is not live and must be confirmed against the listed evidence date.
deal-true-blue-butcher-table-wednesday-7-smash-burgers,seed-true-blue-butcher-and-table-wednesday-7-smash-burgers,true-blue-butcher-table,True Blue Butcher & Table,$7 smash burgers,True Blue Butcher & Table lists $7 smash burgers every Wednesday from 4-7 PM.,$7 smash burgers at True Blue Butcher & Table,True Blue Butcher & Table lists $7 smash burgers every Wednesday from 4-7 PM.,burger_special,food_only,Wednesday,16:00,19:00,,,weekly,$7,,,,,,false,src-true-blue-butcher-table-primary,cap-true-blue-butcher-table-2026-06-02-smash-burgers,chk-true-blue-butcher-table-2026-06-02-smash-burgers,,tier_1_official,https://www.wearetrueblue.com/truebluebutcherandtable,True Blue Butcher & Table official website,manual_web_review,2026-06-02T13:10:00-04:00,https://www.wearetrueblue.com/truebluebutcherandtable,fixtures/prototype/evidence/verified-static/src-true-blue-butcher-table-primary.md,,Official page lists $7 Smash Burgers every Wednesday from 4pm-7pm.,Official website source-backed Wednesday burger candidate reviewed for static prototype.,sha256:5e4af9eaa1953f4738b55f77aa33f974c72d4c3daf7b1e597edf880cefd82501,2026-06-02,2026-06-02,,2026-06-16,verified,approved,true,,wilmington_confirmed,"Official page lists 1125 Military Cutoff Road Suite A, Wilmington NC 28405.",rt-true-blue-smash-burgers-public-review,Source-backed corrected True Blue Butcher & Table burger claim reviewed for static prototype public feed.,codex_phase_1h,approved,Official source supports exact food-only burger special and time window; concept-specific public copy approved.,codex_phase_1h,2026-06-02T13:15:00-04:00,true,Wednesday 4-7 PM; concept-specific to Butcher & Table; other restrictions not captured.,restrictions_incomplete,false,,Static prototype deal; supersedes the older user-note $5 burger claim and uses current official wording.,codex_phase_1h,2026-06-02T13:15:00-04:00,2026-06-02T13:15:00-04:00,2026-06-02T13:15:00-04:00,,seed-true-blue-butcher-and-table-wednesday-5-burger,verified_static,false,Static prototype data. Deal availability is not live and must be confirmed against the listed evidence date.
deal-rx-chicken-oysters-wed-fri-half-price-oysters,seed-rx-chicken-and-oysters-wednesday-thursday-friday-1-2-price-oysters-on-the-half-shell,rx-chicken-oysters,Rx Chicken & Oysters,1/2 price oysters on the half shell,Rx Chicken & Oysters lists 1/2 price oysters on the half shell Wednesday-Friday from 5-6 PM.,1/2 price oysters at Rx Chicken & Oysters,Rx Chicken & Oysters lists 1/2 price oysters on the half shell Wednesday-Friday from 5-6 PM.,oyster_special,food_only,Wednesday;Thursday;Friday,17:00,18:00,,,weekly,,50% off,,,,,false,src-rx-chicken-oysters-primary,cap-rx-chicken-oysters-2026-06-02-oyster-happy-hour,chk-rx-chicken-oysters-2026-06-02-oyster-happy-hour,,tier_1_official,https://www.rxwilmington.com/,Rx Chicken & Oysters official website,manual_web_review,2026-06-02T13:10:00-04:00,https://www.rxwilmington.com/,fixtures/prototype/evidence/verified-static/src-rx-chicken-oysters-primary.md,,Official site lists 1/2 price oysters on the half shell from 5-6pm Wednesday-Friday.,Official homepage source-backed oyster candidate reviewed for static prototype.,sha256:f94a4a90c9b7baa6f383477e2648f6c09e6e3ce8ce565d76fbe1ea98e21f622e,2026-06-02,2026-06-02,,2026-06-16,verified,approved,true,,wilmington_confirmed,"Official site lists 421 Castle Street, Wilmington NC 28401.",rt-rx-oyster-happy-hour-public-review,Source-backed Rx oyster special reviewed for static prototype public feed.,codex_phase_1h,approved,Official source supports exact food-only oyster special and time window; wine/mimosa copy suppressed.,codex_phase_1h,2026-06-02T13:15:00-04:00,true,Wednesday-Friday 5-6 PM; oysters on the half shell; other restrictions not captured.,restrictions_incomplete,false,,Static prototype deal; food-only copy approved and alcohol specials suppressed.,codex_phase_1h,2026-06-02T13:15:00-04:00,2026-06-02T13:15:00-04:00,2026-06-02T13:15:00-04:00,,,verified_static,false,Static prototype data. Deal availability is not live and must be confirmed against the listed evidence date.
deal-south-front-tavern-monday-4-empanadas,seed-south-front-tavern-monday-4-empanadas,south-front-tavern,South Front Tavern,$4 empanadas,Official site supports Monday $4 empanadas.,$4 empanadas at South Front Tavern,South Front Tavern lists $4 empanadas on Mondays.,appetizer_special,food_only,Monday,,,,,weekly,$4,,,,,,false,src-south-front-tavern-primary,cap-south-front-tavern-2026-06-02-weekly-food-specials,chk-south-front-tavern-2026-06-02-weekly-food-specials,,tier_1_official,https://www.southfronttavern.com/,South Front Tavern official website,manual_web_review,2026-06-02T14:20:00-04:00,https://www.southfronttavern.com/,fixtures/prototype/evidence/verified-static/src-south-front-tavern-primary.md,,Official site lists Monday $4 Empanadas.,Official website source-backed Monday empanada candidate reviewed for static prototype.,sha256:86e865cf9b84e26db4d636b5f01ba6f4ad14944b6c35609453d62dc8cae93e93,2026-06-02,2026-06-02,,2026-06-16,verified,approved,true,,wilmington_confirmed,Official site lists Wilmington NC address at 1540 S. 2nd Street #110.,rt-south-front-empanadas-public-review,Source-backed South Front Monday empanada claim reviewed for static prototype public feed.,codex_phase_1i,approved,Official source supports exact food-only Monday empanada special; drink copy suppressed.,codex_phase_1i,2026-06-02T14:25:00-04:00,true,Other restrictions not captured.,restrictions_incomplete,false,,Static prototype deal; food-only copy approved and drink language suppressed.,codex_phase_1i,2026-06-02T14:25:00-04:00,2026-06-02T14:25:00-04:00,2026-06-02T14:25:00-04:00,,,verified_static,false,Static prototype data. Deal availability is not live and must be confirmed against the listed evidence date.
deal-south-front-tavern-wednesday-half-price-quesadillas,seed-south-front-tavern-wednesday-1-2-price-quesadillas,south-front-tavern,South Front Tavern,1/2 price quesadillas,Official site supports Wednesday half-price quesadillas.,1/2 price quesadillas at South Front Tavern,South Front Tavern lists all quesadillas as 1/2 price on Wednesdays.,quesadilla_special,food_only,Wednesday,,,,,weekly,,50% off,,true,,,false,src-south-front-tavern-primary,cap-south-front-tavern-2026-06-02-weekly-food-specials,chk-south-front-tavern-2026-06-02-weekly-food-specials,,tier_1_official,https://www.southfronttavern.com/,South Front Tavern official website,manual_web_review,2026-06-02T14:20:00-04:00,https://www.southfronttavern.com/,fixtures/prototype/evidence/verified-static/src-south-front-tavern-primary.md,,Official site lists all quesadillas as 1/2 price on Wednesday and dine-in only.,Official website source-backed Wednesday quesadilla candidate reviewed for static prototype.,sha256:c440012d992f2857ca4364a1f2b90cf043b3e73c921a50d4585e755623b7e3d7,2026-06-02,2026-06-02,,2026-06-16,verified,approved,true,,wilmington_confirmed,Official site lists Wilmington NC address at 1540 S. 2nd Street #110.,rt-south-front-quesadillas-public-review,Source-backed South Front Wednesday quesadilla claim reviewed for static prototype public feed.,codex_phase_1i,approved,Official source supports food-only Wednesday quesadilla special and dine-in restriction.,codex_phase_1i,2026-06-02T14:25:00-04:00,true,Dine-in only; eligible quesadilla varieties listed by source; other restrictions not captured.,restrictions_incomplete,false,,Static prototype deal; food-only copy approved.,codex_phase_1i,2026-06-02T14:25:00-04:00,2026-06-02T14:25:00-04:00,2026-06-02T14:25:00-04:00,,,verified_static,false,Static prototype data. Deal availability is not live and must be confirmed against the listed evidence date.
deal-south-front-tavern-thursday-5-smashburger,seed-south-front-tavern-thursday-5-smashburger,south-front-tavern,South Front Tavern,$5 SmashBurger,Official site supports Thursday $5 SmashBurger with Tavern Fries.,$5 SmashBurger at South Front Tavern,South Front Tavern lists a $5 SmashBurger with Tavern Fries on Thursdays.,burger_special,food_only,Thursday,,,,,weekly,$5,,,true,,,false,src-south-front-tavern-primary,cap-south-front-tavern-2026-06-02-weekly-food-specials,chk-south-front-tavern-2026-06-02-weekly-food-specials,,tier_1_official,https://www.southfronttavern.com/,South Front Tavern official website,manual_web_review,2026-06-02T14:20:00-04:00,https://www.southfronttavern.com/,fixtures/prototype/evidence/verified-static/src-south-front-tavern-primary.md,,Official site lists Thursday $5 SmashBurger with Tavern Fries and dine-in only.,Official website source-backed Thursday SmashBurger candidate reviewed for static prototype.,sha256:f5a5b99f4aa356354971e86fcdd49a0684eb006e253e44273649b98e19f5b764,2026-06-02,2026-06-02,,2026-06-16,verified,approved,true,,wilmington_confirmed,Official site lists Wilmington NC address at 1540 S. 2nd Street #110.,rt-south-front-smashburger-public-review,Source-backed South Front Thursday SmashBurger claim reviewed for static prototype public feed.,codex_phase_1i,approved,Official source supports exact food-only Thursday burger special and dine-in restriction.,codex_phase_1i,2026-06-02T14:25:00-04:00,true,Dine-in only; includes Tavern Fries; other restrictions not captured.,restrictions_incomplete,false,,Static prototype deal; food-only copy approved.,codex_phase_1i,2026-06-02T14:25:00-04:00,2026-06-02T14:25:00-04:00,2026-06-02T14:25:00-04:00,,,verified_static,false,Static prototype data. Deal availability is not live and must be confirmed against the listed evidence date.
deal-south-front-tavern-friday-5-bar-bites,seed-south-front-tavern-friday-5-bar-bites,south-front-tavern,South Front Tavern,$5 Bar Bites,Official site supports Friday $5 Bar Bites from 12-6.,$5 Bar Bites at South Front Tavern,South Front Tavern lists $5 Bar Bites on Fridays from 12-6.,appetizer_special,food_only,Friday,12:00,18:00,,,weekly,$5,,,,,,false,src-south-front-tavern-primary,cap-south-front-tavern-2026-06-02-weekly-food-specials,chk-south-front-tavern-2026-06-02-weekly-food-specials,,tier_1_official,https://www.southfronttavern.com/,South Front Tavern official website,manual_web_review,2026-06-02T14:20:00-04:00,https://www.southfronttavern.com/,fixtures/prototype/evidence/verified-static/src-south-front-tavern-primary.md,,Official site lists Friday $5 Bar Bites from 12-6.,Official website source-backed Friday bar bites candidate reviewed for static prototype.,sha256:560f00c863493de0a4d398486a19b95ff28b03a553a6aaa67269e0357cd53bb0,2026-06-02,2026-06-02,,2026-06-16,verified,approved,true,,wilmington_confirmed,Official site lists Wilmington NC address at 1540 S. 2nd Street #110.,rt-south-front-bar-bites-public-review,Source-backed South Front Friday bar bites claim reviewed for static prototype public feed.,codex_phase_1i,approved,Official source supports exact food-only Friday bar bites special and time window.,codex_phase_1i,2026-06-02T14:25:00-04:00,true,Friday 12-6; item eligibility and other restrictions not captured.,restrictions_incomplete,false,,Static prototype deal; food-only copy approved.,codex_phase_1i,2026-06-02T14:25:00-04:00,2026-06-02T14:25:00-04:00,2026-06-02T14:25:00-04:00,,,verified_static,false,Static prototype data. Deal availability is not live and must be confirmed against the listed evidence date.
deal-the-cardinal-tuesday-half-price-pizza,seed-the-cardinal-tuesday-half-price-pizza,the-cardinal,The Cardinal,Half Price Pizza,Official site supports Tuesday half-price pizza.,Half Price Pizza at The Cardinal,The Cardinal lists Half Price Pizza on Tuesdays.,pizza_special,food_only,Tuesday,,,,,weekly,,50% off,,true,,,false,src-the-cardinal-primary,cap-the-cardinal-2026-06-02-weekly-food-specials,chk-the-cardinal-2026-06-02-weekly-food-specials,,tier_1_official,https://thecardinalilm.com/,The Cardinal official website,manual_web_review,2026-06-02T14:20:00-04:00,https://thecardinalilm.com/,fixtures/prototype/evidence/verified-static/src-the-cardinal-primary.md,,Official site lists Tuesday Half Price Pizza and dine-in only.,Official website source-backed Tuesday pizza candidate reviewed for static prototype.,sha256:f5bf79878186c73b5bb88405c5576b65b8c64efbe57068ad68b432348475b253,2026-06-02,2026-06-02,,2026-06-16,verified,approved,true,,wilmington_confirmed,Official site lists Wilmington NC address at 3315 Masonboro Loop Road #110.,rt-cardinal-pizza-public-review,Source-backed Cardinal Tuesday pizza claim reviewed for static prototype public feed.,codex_phase_1i,approved,Official source supports food-only Tuesday pizza special and dine-in restriction.,codex_phase_1i,2026-06-02T14:25:00-04:00,true,Dine-in only; exact start and end time not captured.,time_window_missing,false,,Static prototype deal; food-only copy approved and drink language suppressed.,codex_phase_1i,2026-06-02T14:25:00-04:00,2026-06-02T14:25:00-04:00,2026-06-02T14:25:00-04:00,,,verified_static,false,Static prototype data. Deal availability is not live and must be confirmed against the listed evidence date.
deal-the-cardinal-wednesday-5-burgers,seed-the-cardinal-wednesday-5-burgers,the-cardinal,The Cardinal,$5 Burgers,Official site supports Wednesday $5 Burgers.,$5 Burgers at The Cardinal,The Cardinal lists $5 Burgers on Wednesdays.,burger_special,food_only,Wednesday,,,,,weekly,$5,,,true,,,false,src-the-cardinal-primary,cap-the-cardinal-2026-06-02-weekly-food-specials,chk-the-cardinal-2026-06-02-weekly-food-specials,,tier_1_official,https://thecardinalilm.com/,The Cardinal official website,manual_web_review,2026-06-02T14:20:00-04:00,https://thecardinalilm.com/,fixtures/prototype/evidence/verified-static/src-the-cardinal-primary.md,,Official site lists Wednesday $5 Burgers and dine-in only.,Official website source-backed Wednesday burger candidate reviewed for static prototype.,sha256:7bc3998be534433b1304c7e5a1901a7d73c72d06e7f4a2bb4735edba3d5f5067,2026-06-02,2026-06-02,,2026-06-16,verified,approved,true,,wilmington_confirmed,Official site lists Wilmington NC address at 3315 Masonboro Loop Road #110.,rt-cardinal-burgers-public-review,Source-backed Cardinal Wednesday burger claim reviewed for static prototype public feed.,codex_phase_1i,approved,Official source supports exact food-only Wednesday burger special and dine-in restriction.,codex_phase_1i,2026-06-02T14:25:00-04:00,true,Dine-in only; exact start and end time not captured.,time_window_missing,false,,Static prototype deal; food-only copy approved and drink language suppressed.,codex_phase_1i,2026-06-02T14:25:00-04:00,2026-06-02T14:25:00-04:00,2026-06-02T14:25:00-04:00,,,verified_static,false,Static prototype data. Deal availability is not live and must be confirmed against the listed evidence date.
deal-kornerstone-bistro-tuesday-half-price-mussels,seed-kornerstone-bistro-tuesday-1-2-price-mussels,kornerstone-bistro,Kornerstone Bistro,1/2 Price Mussels,Official site supports Tuesday 1/2 Price Mussels.,1/2 Price Mussels at Kornerstone Bistro,Kornerstone Bistro lists 1/2 Price Mussels on Tuesdays.,mussel_special,food_only,Tuesday,,,,,weekly,,50% off,,,,,false,src-kornerstone-bistro-primary,cap-kornerstone-bistro-2026-06-02-weekly-food-specials,chk-kornerstone-bistro-2026-06-02-weekly-food-specials,,tier_1_official,https://www.kornerstonebistro.com/,Kornerstone Bistro official website,manual_web_review,2026-06-02T14:20:00-04:00,https://www.kornerstonebistro.com/,fixtures/prototype/evidence/verified-static/src-kornerstone-bistro-primary.md,,Official site lists Tuesday 1/2 Price Mussels.,Official website source-backed Tuesday mussels candidate reviewed for static prototype.,sha256:f561120db4c8b9ec3a135f148cb5574d269b04cb2467330c39b545cd54923ad7,2026-06-02,2026-06-02,,2026-06-16,verified,approved,true,,wilmington_confirmed,Official site lists Wilmington NC address at 8262 Market Street.,rt-kornerstone-mussels-public-review,Source-backed Kornerstone Tuesday mussels claim reviewed for static prototype public feed.,codex_phase_1i,approved,Official source supports food-only Tuesday mussels special; alcohol copy suppressed.,codex_phase_1i,2026-06-02T14:25:00-04:00,true,Exact time window and other restrictions not captured.,time_window_missing;restrictions_incomplete,false,,Static prototype deal; food-only copy approved and drink language suppressed.,codex_phase_1i,2026-06-02T14:25:00-04:00,2026-06-02T14:25:00-04:00,2026-06-02T14:25:00-04:00,,,verified_static,false,Static prototype data. Deal availability is not live and must be confirmed against the listed evidence date.
deal-caprice-bistro-monday-mussel-mondays,seed-caprice-bistro-monday-mussel-mondays,caprice-bistro,Caprice Bistro,Mussel Mondays,Official weekly-specials page supports Mussel Mondays with Mussels & Frites for $15.,$15 Mussels & Frites at Caprice Bistro,Caprice Bistro lists Mussel Mondays: Mussels & Frites for $15 every Monday.,mussel_special,food_only,Monday,,,,,weekly,$15,,,,,,false,src-caprice-bistro-primary,cap-caprice-bistro-2026-06-02-expanded-specials,chk-caprice-bistro-2026-06-02-expanded-specials,,tier_1_official,https://www.capricebistro.com/weekly-specials,Caprice Bistro weekly specials page,manual_web_review,2026-06-02T15:00:00-04:00,https://www.capricebistro.com/weekly-specials,fixtures/prototype/evidence/verified-static/src-caprice-bistro-primary.md,,Official page lists Mussel Mondays every Monday with Mussels & Frites for only $15.,Official weekly-specials page-backed Monday mussel candidate reviewed for static prototype.,sha256:1e653584ea2f66525cd75110022ff8617d2820ea810ebdde5705d861c72ea1d1,2026-06-02,2026-06-02,,2026-06-16,verified,approved,true,,wilmington_confirmed,Official weekly-specials page lists 10 Market St Wilmington NC 28401.,rt-caprice-mussel-mondays-public-review,Source-backed candidate reviewed for static prototype public feed.,codex_phase_1j,approved,Official source supports exact food-only Monday mussel special; beer pairing copy suppressed.,codex_phase_1j,2026-06-02T15:10:00-04:00,true,No exact time window captured; other restrictions not captured.,time_window_missing;restrictions_incomplete,false,,Static prototype deal; food-only copy approved and alcohol language suppressed.,codex_phase_1j,2026-06-02T15:10:00-04:00,2026-06-02T15:10:00-04:00,2026-06-02T15:10:00-04:00,,,verified_static,false,Static prototype data. Deal availability is not live and must be confirmed against the listed evidence date.
deal-caprice-bistro-daily-7-petit-plates,seed-caprice-bistro-daily-7-petit-plates,caprice-bistro,Caprice Bistro,$7 Petit Plates,Official weekly-specials page supports daily $7 petit plates from 4-6 PM.,$7 Petit Plates at Caprice Bistro,Caprice Bistro lists $7 petit plates daily from 4-6 PM.,small_plate_special,food_only,Monday;Tuesday;Wednesday;Thursday;Friday;Saturday;Sunday,16:00,18:00,,,weekly,$7,,,,,,false,src-caprice-bistro-primary,cap-caprice-bistro-2026-06-02-expanded-specials,chk-caprice-bistro-2026-06-02-expanded-specials,,tier_1_official,https://www.capricebistro.com/weekly-specials,Caprice Bistro weekly specials page,manual_web_review,2026-06-02T15:00:00-04:00,https://www.capricebistro.com/weekly-specials,fixtures/prototype/evidence/verified-static/src-caprice-bistro-primary.md,,Official page lists daily Petit Plates from 4:00 PM to 6:00 PM with $7 petit plate items.,Official weekly-specials page-backed daily petit plates candidate reviewed for static prototype.,sha256:440c7ba78b501bfe79caa20f6a1e3056041522d5f38bdbce591d8de6974e82e4,2026-06-02,2026-06-02,,2026-06-16,verified,approved,true,,wilmington_confirmed,Official weekly-specials page lists 10 Market St Wilmington NC 28401.,rt-caprice-petit-plates-public-review,Source-backed candidate reviewed for static prototype public feed.,codex_phase_1j,approved,Official source supports exact food-only daily small-plate special and time window; alcohol copy suppressed.,codex_phase_1j,2026-06-02T15:10:00-04:00,true,"Available at bar, bistro tables, sofa lounge, or outdoor tables; other restrictions not captured.",restrictions_incomplete,false,,Static prototype deal; food-only copy approved and alcohol language suppressed.,codex_phase_1j,2026-06-02T15:10:00-04:00,2026-06-02T15:10:00-04:00,2026-06-02T15:10:00-04:00,,,verified_static,false,Static prototype data. Deal availability is not live and must be confirmed against the listed evidence date.
deal-true-blue-butcher-table-fri-sat-half-priced-appetizers,seed-true-blue-butcher-and-table-friday-saturday-half-priced-appetizers,true-blue-butcher-table,True Blue Butcher & Table,Half-priced appetizers,Official page supports half-priced appetizers Friday and Saturday 3-6 PM at the bar or patio.,Half-priced appetizers at True Blue Butcher & Table,True Blue Butcher & Table lists half-priced appetizers Friday and Saturday from 3-6 PM at the bar or patio.,appetizer_special,food_only,Friday;Saturday,15:00,18:00,,,weekly,,50% off,,,,,false,src-true-blue-butcher-table-primary,cap-true-blue-butcher-table-2026-06-02-half-priced-appetizers,chk-true-blue-butcher-table-2026-06-02-half-priced-appetizers,,tier_1_official,https://www.wearetrueblue.com/truebluebutcherandtable,True Blue Butcher & Table official website,manual_web_review,2026-06-02T15:00:00-04:00,https://www.wearetrueblue.com/truebluebutcherandtable,fixtures/prototype/evidence/verified-static/src-true-blue-butcher-table-primary.md,,Official page lists every Fri & Sat 3pm-6pm half-priced appetizers at the bar or on the patio.,Official website source-backed Fri/Sat appetizer candidate reviewed for static prototype.,sha256:a3c659b47686dff0ca5b761a6db8885ef4d43e675477a919766e8d505224da94,2026-06-02,2026-06-02,,2026-06-16,verified,approved,true,,wilmington_confirmed,Official page lists 1125 Military Cutoff Road Suite A Wilmington NC 28405.,rt-true-blue-appetizers-public-review,Source-backed candidate reviewed for static prototype public feed.,codex_phase_1j,approved,Official source supports exact food-only appetizer discount and location restriction; alcohol copy suppressed.,codex_phase_1j,2026-06-02T15:10:00-04:00,true,Bar or patio only; eligible appetizer examples are not exhaustive.,eligible_items_incomplete,false,,Static prototype deal; food-only copy approved and wine/mimosa language suppressed.,codex_phase_1j,2026-06-02T15:10:00-04:00,2026-06-02T15:10:00-04:00,2026-06-02T15:10:00-04:00,,,verified_static,false,Static prototype data. Deal availability is not live and must be confirmed against the listed evidence date.
deal-za-pie-pizzeria-daily-one-stop-special,seed-za-pie-pizzeria-daily-one-stop-special,za-pie-pizzeria,Za Pie Pizzeria,One Stop Special,Official menu supports One Stop Special: 18 inch one-topping pizza for $20.25 pick-up only.,One Stop Special at Za Pie,Za Pie lists an 18 inch one-topping pizza for $20.25 as a pick-up-only special.,pizza_special,food_only,Monday;Tuesday;Wednesday;Thursday;Friday;Saturday;Sunday,,,,,weekly,$20.25,,,,true,,false,src-za-pie-pizzeria-primary,cap-za-pie-pizzeria-2026-06-02-menu-specials,chk-za-pie-pizzeria-2026-06-02-menu-specials,,tier_1_official,https://www.zapie.com/menu,Za Pie official menu,manual_web_review,2026-06-02T15:00:00-04:00,https://www.zapie.com/menu,fixtures/prototype/evidence/verified-static/src-za-pie-pizzeria-primary.md,,Official menu lists One Stop Special: 18 inch One Topping Pizza (Pick-Up Only) $20.25.,Official menu-backed Monkey Junction pizza special reviewed for static prototype.,sha256:2b63590d0ee5c4bded07fab142c4b83c4d9139a30f95e54cb9d0707a522fa321,2026-06-02,2026-06-02,,2026-06-16,verified,approved,true,,wilmington_confirmed,Fixture restaurant row lists 6142 Carolina Beach Rd Wilmington NC 28412 and official menu source.,rt-za-pie-one-stop-public-review,Source-backed candidate reviewed for static prototype public feed.,codex_phase_1j,approved,Official source supports exact food-only pizza special and pickup restriction.,codex_phase_1j,2026-06-02T15:10:00-04:00,true,Pick-up only; no narrowed day/time listed by source.,time_window_missing,false,,Static prototype deal; Monkey Junction area and carryout-oriented copy approved.,codex_phase_1j,2026-06-02T15:10:00-04:00,2026-06-02T15:10:00-04:00,2026-06-02T15:10:00-04:00,,,verified_static,false,Static prototype data. Deal availability is not live and must be confirmed against the listed evidence date.
deal-za-pie-pizzeria-daily-dinner-for-two,seed-za-pie-pizzeria-daily-dinner-for-two,za-pie-pizzeria,Za Pie Pizzeria,Dinner For Two,Official menu supports Dinner For Two: one 14 inch two-topping pizza and two salads for $28.99.,Dinner For Two at Za Pie,Za Pie lists one 14 inch two-topping pizza and two salads for $28.99.,pizza_combo,food_only,Monday;Tuesday;Wednesday;Thursday;Friday;Saturday;Sunday,,,,,weekly,$28.99,,,,,,false,src-za-pie-pizzeria-primary,cap-za-pie-pizzeria-2026-06-02-menu-specials,chk-za-pie-pizzeria-2026-06-02-menu-specials,,tier_1_official,https://www.zapie.com/menu,Za Pie official menu,manual_web_review,2026-06-02T15:00:00-04:00,https://www.zapie.com/menu,fixtures/prototype/evidence/verified-static/src-za-pie-pizzeria-primary.md,,Official menu lists Dinner For Two: one 14 inch two-topping pizza and two salads for $28.99.,Official menu-backed Monkey Junction pizza combo reviewed for static prototype.,sha256:0a3483f4244e5c698f248414e02abe96b14aa53ba5616416c65f25bbaacc602c,2026-06-02,2026-06-02,,2026-06-16,verified,approved,true,,wilmington_confirmed,Fixture restaurant row lists 6142 Carolina Beach Rd Wilmington NC 28412 and official menu source.,rt-za-pie-dinner-for-two-public-review,Source-backed candidate reviewed for static prototype public feed.,codex_phase_1j,approved,Official source supports exact food-only pizza-and-salad combo.,codex_phase_1j,2026-06-02T15:10:00-04:00,true,Includes one 14 inch two-topping pizza and two salads; no narrowed day/time listed by source.,time_window_missing,false,,Static prototype deal; Monkey Junction area copy approved.,codex_phase_1j,2026-06-02T15:10:00-04:00,2026-06-02T15:10:00-04:00,2026-06-02T15:10:00-04:00,,,verified_static,false,Static prototype data. Deal availability is not live and must be confirmed against the listed evidence date.
deal-block-taco-mon-tue-10-tacos-chips-salsa,seed-block-taco-monday-tuesday-taco-monday-and-tuesdays,block-taco,Block Taco,Taco Monday & Tuesdays,Official current specials support any 2 tacos with chips and salsa for $10 Monday-Tuesday 5-10 PM.,2 tacos and chips for $10 at Block Taco,Block Taco lists any 2 tacos with chips and salsa for $10 on Mondays and Tuesdays from 5-10 PM.,taco_combo,food_only,Monday;Tuesday,17:00,22:00,,,weekly,$10,,,,,,false,src-block-taco-primary,cap-block-taco-2026-06-02-current-specials,chk-block-taco-2026-06-02-current-specials,,tier_1_official,https://blocktaco.com/,Block Taco official website,manual_web_review,2026-06-02T15:00:00-04:00,https://blocktaco.com/,fixtures/prototype/evidence/verified-static/src-block-taco-primary.md,,Official page lists Taco Monday & Tuesdays: any 2 tacos with chips and salsa for $10 Monday-Tuesday 5:00 PM-10:00 PM.,Official current-specials page-backed taco combo reviewed for static prototype.,sha256:29b7e83fe549ab4f68b84a59ef27c80ad11f2cbd48da3c450267f2a91b9aad79,2026-06-02,2026-06-02,,2026-06-16,verified,approved,true,,wilmington_confirmed,Official page lists 120 Greenfield St #B Wilmington NC 28401.,rt-block-taco-mon-tue-public-review,Source-backed candidate reviewed for static prototype public feed.,codex_phase_1j,approved,Official source supports exact food-only taco combo and time window.,codex_phase_1j,2026-06-02T15:10:00-04:00,true,Any 2 tacos with chips and salsa; other restrictions not captured.,restrictions_incomplete,false,,Static prototype deal; food-only copy approved.,codex_phase_1j,2026-06-02T15:10:00-04:00,2026-06-02T15:10:00-04:00,2026-06-02T15:10:00-04:00,,,verified_static,false,Static prototype data. Deal availability is not live and must be confirmed against the listed evidence date.
deal-block-taco-fri-sun-20-brunch-special,seed-block-taco-friday-saturday-sunday-weekend-brunch-special,block-taco,Block Taco,Weekend Brunch Special,Official current specials support any 2 tacos and a loaded nacho for $20 Friday-Sunday 12-3 PM.,Weekend brunch combo at Block Taco,Block Taco lists any 2 tacos and a loaded nacho for $20 Friday through Sunday from 12-3 PM.,brunch_combo,food_only,Friday;Saturday;Sunday,12:00,15:00,,,weekly,$20,,,,,,false,src-block-taco-primary,cap-block-taco-2026-06-02-current-specials,chk-block-taco-2026-06-02-current-specials,,tier_1_official,https://blocktaco.com/,Block Taco official website,manual_web_review,2026-06-02T15:00:00-04:00,https://blocktaco.com/,fixtures/prototype/evidence/verified-static/src-block-taco-primary.md,,Official page lists Weekend Brunch Special: any 2 tacos and loaded nacho for $20 Friday-Sunday 12PM-3PM.,Official current-specials page-backed weekend brunch combo reviewed for static prototype.,sha256:0f5f19354a05cd80c4ad64857e78abe91fc662f13d6c2321518da7712a75125d,2026-06-02,2026-06-02,,2026-06-16,verified,approved,true,,wilmington_confirmed,Official page lists 120 Greenfield St #B Wilmington NC 28401.,rt-block-taco-brunch-public-review,Source-backed candidate reviewed for static prototype public feed.,codex_phase_1j,approved,Official source supports exact food-only brunch combo and time window.,codex_phase_1j,2026-06-02T15:10:00-04:00,true,Loaded nacho choice and other restrictions not fully captured.,restrictions_incomplete,false,,Static prototype deal; food-only copy approved.,codex_phase_1j,2026-06-02T15:10:00-04:00,2026-06-02T15:10:00-04:00,2026-06-02T15:10:00-04:00,,,verified_static,false,Static prototype data. Deal availability is not live and must be confirmed against the listed evidence date.
deal-hells-kitchen-monday-caesar-wrap,seed-hell-s-kitchen-monday-monday-caesar-wrap-and-fries,hells-kitchen,Hell's Kitchen,Monday Caesar wrap and fries,Official homepage supports Monday Caesar Wrap & Fries for $9.99 during lunch 11 AM-4 PM.,Caesar wrap and fries at Hell's Kitchen,Hell's Kitchen lists a Monday lunch special: Caesar wrap and fries for $9.99.,wrap_special,food_only,Monday,11:00,16:00,,,weekly,$9.99,,,,,,false,src-hells-kitchen-primary,cap-hells-kitchen-2026-06-02-expanded-lunch-specials,chk-hells-kitchen-2026-06-02-expanded-lunch-specials,,tier_1_official,https://hellskitchenbar.com/,Hell's Kitchen official homepage,manual_web_review,2026-06-02T15:00:00-04:00,https://hellskitchenbar.com/,fixtures/prototype/evidence/verified-static/src-hells-kitchen-primary.md,,Official homepage lists Monday Lunch Specials: Caesar Wrap & Fries $9.99; choice of chicken or shrimp.,Official homepage-backed Monday lunch candidate reviewed for static prototype.,sha256:53c1b93b205955a511e654890d11c9c9452773728750476ce35baec3ccf4da15,2026-06-02,2026-06-02,,2026-06-16,verified,approved,true,,wilmington_confirmed,Official homepage lists Downtown Wilmington NC address.,rt-hells-kitchen-caesar-wrap-public-review,Source-backed candidate reviewed for static prototype public feed.,codex_phase_1j,approved,Official source supports exact food-only Monday lunch special and time window; drink copy suppressed.,codex_phase_1j,2026-06-02T15:10:00-04:00,true,Lunch 11 AM-4 PM; choice of chicken or shrimp; other restrictions not captured.,restrictions_incomplete,false,,Static prototype deal; food-only copy approved and drink language suppressed.,codex_phase_1j,2026-06-02T15:10:00-04:00,2026-06-02T15:10:00-04:00,2026-06-02T15:10:00-04:00,,,verified_static,false,Static prototype data. Deal availability is not live and must be confirmed against the listed evidence date.
deal-hells-kitchen-wednesday-classic-hk-burger,seed-hell-s-kitchen-wednesday-wednesday-classic-hk-burger-and-fries,hells-kitchen,Hell's Kitchen,Wednesday Classic HK Burger and fries,Official homepage supports Wednesday Classic HK Burger & Fries for $9.99 during lunch 11 AM-4 PM.,Classic HK Burger and fries at Hell's Kitchen,Hell's Kitchen lists a Wednesday lunch special: Classic HK Burger and fries for $9.99.,burger_special,food_only,Wednesday,11:00,16:00,,,weekly,$9.99,,,,,,false,src-hells-kitchen-primary,cap-hells-kitchen-2026-06-02-expanded-lunch-specials,chk-hells-kitchen-2026-06-02-expanded-lunch-specials,,tier_1_official,https://hellskitchenbar.com/,Hell's Kitchen official homepage,manual_web_review,2026-06-02T15:00:00-04:00,https://hellskitchenbar.com/,fixtures/prototype/evidence/verified-static/src-hells-kitchen-primary.md,,Official homepage lists Wednesday Food Specials: Burger Day Class HK Burger & Fries $9.99.,Official homepage-backed Wednesday lunch candidate reviewed for static prototype.,sha256:f29e81ba0bde6df2c08f86251a775e475c044cb5635f87d2e7a85aee40b240c9,2026-06-02,2026-06-02,,2026-06-16,verified,approved,true,,wilmington_confirmed,Official homepage lists Downtown Wilmington NC address.,rt-hells-kitchen-classic-burger-public-review,Source-backed candidate reviewed for static prototype public feed.,codex_phase_1j,approved,Official source supports exact food-only Wednesday lunch special and time window; drink copy suppressed.,codex_phase_1j,2026-06-02T15:10:00-04:00,true,Lunch 11 AM-4 PM; other restrictions not captured.,restrictions_incomplete,false,,Static prototype deal; food-only copy approved and drink language suppressed.,codex_phase_1j,2026-06-02T15:10:00-04:00,2026-06-02T15:10:00-04:00,2026-06-02T15:10:00-04:00,,,verified_static,false,Static prototype data. Deal availability is not live and must be confirmed against the listed evidence date.
deal-hells-kitchen-thursday-nashville-hot-chicken,seed-hell-s-kitchen-thursday-thursday-nashville-hot-chicken-sandwich-and-fries,hells-kitchen,Hell's Kitchen,Thursday Nashville Hot Chicken Sandwich and fries,Official homepage supports Thursday Nashville Hot Chicken Sandwich & Fries for $9.99 during lunch 11 AM-4 PM.,Nashville hot chicken lunch at Hell's Kitchen,Hell's Kitchen lists a Thursday lunch special: Nashville hot chicken sandwich and fries for $9.99.,sandwich_special,food_only,Thursday,11:00,16:00,,,weekly,$9.99,,,,,,false,src-hells-kitchen-primary,cap-hells-kitchen-2026-06-02-expanded-lunch-specials,chk-hells-kitchen-2026-06-02-expanded-lunch-specials,,tier_1_official,https://hellskitchenbar.com/,Hell's Kitchen official homepage,manual_web_review,2026-06-02T15:00:00-04:00,https://hellskitchenbar.com/,fixtures/prototype/evidence/verified-static/src-hells-kitchen-primary.md,,Official homepage lists Thursday Lunch Specials: Nashville Hot Chicken Sandwich & Fries $9.99.,Official homepage-backed Thursday lunch candidate reviewed for static prototype.,sha256:c3d21881ef08ab4e9959d423a0badd76d399db0c196d3b6df1fca7ea32b927a0,2026-06-02,2026-06-02,,2026-06-16,verified,approved,true,,wilmington_confirmed,Official homepage lists Downtown Wilmington NC address.,rt-hells-kitchen-nashville-chicken-public-review,Source-backed candidate reviewed for static prototype public feed.,codex_phase_1j,approved,Official source supports exact food-only Thursday lunch special and time window; drink copy suppressed.,codex_phase_1j,2026-06-02T15:10:00-04:00,true,Lunch 11 AM-4 PM; other restrictions not captured.,restrictions_incomplete,false,,Static prototype deal; food-only copy approved and drink language suppressed.,codex_phase_1j,2026-06-02T15:10:00-04:00,2026-06-02T15:10:00-04:00,2026-06-02T15:10:00-04:00,,,verified_static,false,Static prototype data. Deal availability is not live and must be confirmed against the listed evidence date.
deal-hells-kitchen-friday-wing-lunch,seed-hell-s-kitchen-friday-friday-wing-lunch-special,hells-kitchen,Hell's Kitchen,Friday wing lunch special,Official homepage supports Friday 6 wings for $9.99 during lunch 11 AM-4 PM.,Friday wing lunch at Hell's Kitchen,Hell's Kitchen lists six wings for $9.99 as a Friday lunch special.,wing_special,food_only,Friday,11:00,16:00,,,weekly,$9.99,,,,,,false,src-hells-kitchen-primary,cap-hells-kitchen-2026-06-02-expanded-lunch-specials,chk-hells-kitchen-2026-06-02-expanded-lunch-specials,,tier_1_official,https://hellskitchenbar.com/,Hell's Kitchen official homepage,manual_web_review,2026-06-02T15:00:00-04:00,https://hellskitchenbar.com/,fixtures/prototype/evidence/verified-static/src-hells-kitchen-primary.md,,Official homepage lists Friday Lunch Specials: Wing Friday 6 Award Winning Wings $9.99.,Official homepage-backed Friday lunch candidate reviewed for static prototype.,sha256:d680808979c416425ec4ef6556eaafa00e17498c7c009d3d414f7fa05a897bd3,2026-06-02,2026-06-02,,2026-06-16,verified,approved,true,,wilmington_confirmed,Official homepage lists Downtown Wilmington NC address.,rt-hells-kitchen-friday-wings-public-review,Source-backed candidate reviewed for static prototype public feed.,codex_phase_1j,approved,Official source supports exact food-only Friday lunch special and time window; drink copy suppressed.,codex_phase_1j,2026-06-02T15:10:00-04:00,true,Lunch 11 AM-4 PM; six wings; other restrictions not captured.,restrictions_incomplete,false,,Static prototype deal; food-only copy approved and drink language suppressed.,codex_phase_1j,2026-06-02T15:10:00-04:00,2026-06-02T15:10:00-04:00,2026-06-02T15:10:00-04:00,,,verified_static,false,Static prototype data. Deal availability is not live and must be confirmed against the listed evidence date.
deal-tacobaby-daily-11-lunch-special,seed-tacobaby-daily-11-lunch-special,tacobaby,Tacobaby,$11 lunch special,Official homepage supports daily $11 lunch special from 11 AM-3 PM.,$11 lunch special at Tacobaby,Tacobaby lists Fresa Pollo or Cantina Blend tacos with chips and salsa or queso for $11 from 11 AM-3 PM.,lunch_special,food_only,Monday;Tuesday;Wednesday;Thursday;Friday;Saturday;Sunday,11:00,15:00,,,weekly,$11,,,,,,false,src-tacobaby-primary,cap-tacobaby-2026-06-02-lunch-special,chk-tacobaby-2026-06-02-lunch-special,,tier_1_official,https://tacobabyusa.com/,Tacobaby official homepage,manual_web_review,2026-06-02T15:00:00-04:00,https://tacobabyusa.com/,fixtures/prototype/evidence/verified-static/src-tacobaby-primary.md,,"Official homepage lists Lunch Special $11 with Fresa Pollo or Cantina Blend tacos, chips, salsa or queso, water or soda, 11:00 AM-03:00 PM.",Official homepage-backed daily lunch candidate reviewed for static prototype.,sha256:f44d5f668ae81e2ffe5e4bf016fe1c749544f7bdf8b4921a058bd530fa820714,2026-06-02,2026-06-02,,2026-06-16,verified,approved,true,,wilmington_confirmed,Fixture restaurant row and official homepage identify Tacobaby in Wilmington.,rt-tacobaby-lunch-public-review,Source-backed candidate reviewed for static prototype public feed.,codex_phase_1j,approved,Official source supports exact food/non-alcohol lunch special and time window.,codex_phase_1j,2026-06-02T15:10:00-04:00,true,"Includes specified taco choices, chips, salsa or queso, and water or soda; other restrictions not captured.",restrictions_incomplete,false,,Static prototype deal; food/non-alcohol copy approved.,codex_phase_1j,2026-06-02T15:10:00-04:00,2026-06-02T15:10:00-04:00,2026-06-02T15:10:00-04:00,,,verified_static,false,Static prototype data. Deal availability is not live and must be confirmed against the listed evidence date.
deal-islands-fresh-mex-monkey-junction-daily-before-5-tacos,seed-islands-fresh-mex-grill-monkey-junction-monday-tuesday-wednesday-thursday-friday-saturday-sunday-before-5-pm-taco-special,islands-fresh-mex-monkey-junction,Islands Fresh Mex Grill - Monkey Junction,Before 5 PM taco special,Official menu supports chicken beef or veggie tacos for $1.99 each before 5 PM every day.,$1.99 tacos before 5 PM at Islands Monkey Junction,"Islands Fresh Mex lists chicken, beef, or veggie tacos for $1.99 each before 5 PM, with a required drink purchase.",taco_special,food_only,Monday;Tuesday;Wednesday;Thursday;Friday;Saturday;Sunday,,17:00,,,weekly,$1.99,,,,,,false,src-islands-fresh-mex-monkey-junction-menu,cap-islands-fresh-mex-monkey-junction-2026-06-02-taco-specials,chk-islands-fresh-mex-monkey-junction-2026-06-02-taco-specials,,tier_1_official,https://www.islandsfreshmexgrill.com/menu/,Islands Fresh Mex official menu,manual_web_review,2026-06-02T16:05:00-04:00,https://www.islandsfreshmexgrill.com/menu/,fixtures/prototype/evidence/verified-static/src-islands-fresh-mex-monkey-junction-menu.md,,Official menu lists Taco Specials Every Day before 5 PM for $1.99 each.,Official menu-backed Monkey Junction taco special reviewed for static prototype.,sha256:c52d22f5ae0b37a744bb2701cc3afe0451e9162a547e313c660ee8c0bfb2dfb4,2026-06-02,2026-06-02,,2026-06-16,verified,approved,true,,wilmington_confirmed,Official Monkey Junction page lists 5620 Carolina Beach Rd Wilmington NC 28412.,rt-islands-before-5-tacos-public-review,Source-backed candidate reviewed for static prototype public feed.,codex_phase_1k,approved,Official source supports exact food-only taco special; alcohol examples suppressed.,codex_phase_1k,2026-06-02T16:05:00-04:00,true,Limit 4 tacos per order; drink purchase required; 3 toppings and 1 sauce; extra toppings cost extra.,drink_purchase_required;restrictions_incomplete,false,,Static prototype deal; drink-purchase copy kept alcohol-safe.,codex_phase_1k,2026-06-02T16:05:00-04:00,2026-06-02T16:05:00-04:00,2026-06-02T16:05:00-04:00,,,verified_static,false,Static prototype data. Deal availability is not live and must be confirmed against the listed evidence date.
deal-islands-fresh-mex-monkey-junction-daily-after-5-tacos,seed-islands-fresh-mex-grill-monkey-junction-monday-tuesday-wednesday-thursday-friday-saturday-sunday-after-5-pm-taco-special,islands-fresh-mex-monkey-junction,Islands Fresh Mex Grill - Monkey Junction,After 5 PM taco special,Official menu supports chicken beef or veggie tacos for $1.00 each after 5 PM every day.,$1 tacos after 5 PM at Islands Monkey Junction,"Islands Fresh Mex lists chicken, beef, or veggie tacos for $1.00 each after 5 PM, with a required drink purchase.",taco_special,food_only,Monday;Tuesday;Wednesday;Thursday;Friday;Saturday;Sunday,17:00,,,,weekly,$1.00,,,,,,false,src-islands-fresh-mex-monkey-junction-menu,cap-islands-fresh-mex-monkey-junction-2026-06-02-taco-specials,chk-islands-fresh-mex-monkey-junction-2026-06-02-taco-specials,,tier_1_official,https://www.islandsfreshmexgrill.com/menu/,Islands Fresh Mex official menu,manual_web_review,2026-06-02T16:05:00-04:00,https://www.islandsfreshmexgrill.com/menu/,fixtures/prototype/evidence/verified-static/src-islands-fresh-mex-monkey-junction-menu.md,,Official menu lists Taco Specials Every Day after 5 PM for $1.00 each.,Official menu-backed Monkey Junction taco special reviewed for static prototype.,sha256:9227d481c9dbdab51299af265a0fad231453caafd0380270857dde74bd4696b1,2026-06-02,2026-06-02,,2026-06-16,verified,approved,true,,wilmington_confirmed,Official Monkey Junction page lists 5620 Carolina Beach Rd Wilmington NC 28412.,rt-islands-after-5-tacos-public-review,Source-backed candidate reviewed for static prototype public feed.,codex_phase_1k,approved,Official source supports exact food-only taco special; alcohol examples suppressed.,codex_phase_1k,2026-06-02T16:05:00-04:00,true,Limit 4 tacos per order; drink purchase required; 3 toppings and 1 sauce; extra toppings cost extra.,end_time_missing;drink_purchase_required;restrictions_incomplete,false,,Static prototype deal; drink-purchase copy kept alcohol-safe.,codex_phase_1k,2026-06-02T16:05:00-04:00,2026-06-02T16:05:00-04:00,2026-06-02T16:05:00-04:00,,,verified_static,false,Static prototype data. Deal availability is not live and must be confirmed against the listed evidence date.
deal-italian-bistro-monkey-junction-monday-large-pizza-special,seed-italian-bistro-monkey-junction-monday-monday-large-pizza-special,italian-bistro-monkey-junction,Italian Bistro - Monkey Junction,Monday large pizza special,Official specials page supports Monday 18 inch large pizza with up to 3 toppings for $18.99.,$18.99 large pizza at Italian Bistro Monkey Junction,Italian Bistro lists an 18 inch large pizza with up to 3 toppings for $18.99 on Mondays.,pizza_special,food_only,Monday,,,,,weekly,$18.99,,,,,,false,src-italian-bistro-monkey-junction-specials,cap-italian-bistro-monkey-junction-2026-06-02-pizza-specials,chk-italian-bistro-monkey-junction-2026-06-02-pizza-specials,,tier_1_official,https://www.italianbistronc.com/monkey-junction/specials/,Italian Bistro Monkey Junction specials page,manual_web_review,2026-06-02T16:05:00-04:00,https://www.italianbistronc.com/monkey-junction/specials/,fixtures/prototype/evidence/verified-static/src-italian-bistro-monkey-junction-specials.md,,Official specials page lists Monday 18 inch large pizza up to 3 toppings for $18.99.,Official Monkey Junction specials page-backed Monday pizza candidate reviewed for static prototype.,sha256:41979471a658070d628e19441d47712744d4b5ffb801c554beeecaa461457206,2026-06-02,2026-06-02,,2026-06-16,verified,approved,true,,wilmington_confirmed,Official specials page identifies Monkey Junction location at 5120 S College Rd Wilmington NC 28412.,rt-italian-bistro-large-pizza-public-review,Source-backed candidate reviewed for static prototype public feed.,codex_phase_1k,approved,Official source supports exact food-only Monday pizza special.,codex_phase_1k,2026-06-02T16:05:00-04:00,true,Up to 3 toppings; exact time window not listed; other restrictions not captured.,time_window_missing;restrictions_incomplete,false,,Static prototype deal; food-only copy approved.,codex_phase_1k,2026-06-02T16:05:00-04:00,2026-06-02T16:05:00-04:00,2026-06-02T16:05:00-04:00,,,verified_static,false,Static prototype data. Deal availability is not live and must be confirmed against the listed evidence date.
deal-italian-bistro-monkey-junction-wednesday-medium-pizza-special,seed-italian-bistro-monkey-junction-wednesday-wednesday-medium-pizza-special,italian-bistro-monkey-junction,Italian Bistro - Monkey Junction,Wednesday medium pizza special,Official specials page supports Wednesday 14 inch medium pizza with up to 3 toppings for $16.99.,$16.99 medium pizza at Italian Bistro Monkey Junction,Italian Bistro lists a 14 inch medium pizza with up to 3 toppings for $16.99 on Wednesdays.,pizza_special,food_only,Wednesday,,,,,weekly,$16.99,,,,,,false,src-italian-bistro-monkey-junction-specials,cap-italian-bistro-monkey-junction-2026-06-02-pizza-specials,chk-italian-bistro-monkey-junction-2026-06-02-pizza-specials,,tier_1_official,https://www.italianbistronc.com/monkey-junction/specials/,Italian Bistro Monkey Junction specials page,manual_web_review,2026-06-02T16:05:00-04:00,https://www.italianbistronc.com/monkey-junction/specials/,fixtures/prototype/evidence/verified-static/src-italian-bistro-monkey-junction-specials.md,,Official specials page lists Wednesday 14 inch medium pizza up to 3 toppings for $16.99.,Official Monkey Junction specials page-backed Wednesday pizza candidate reviewed for static prototype.,sha256:b135f3e3ecc90dd77931f14dc5d9dcfd565b2d1f908e6c60353f7290be1f289e,2026-06-02,2026-06-02,,2026-06-16,verified,approved,true,,wilmington_confirmed,Official specials page identifies Monkey Junction location at 5120 S College Rd Wilmington NC 28412.,rt-italian-bistro-medium-pizza-public-review,Source-backed candidate reviewed for static prototype public feed.,codex_phase_1k,approved,Official source supports exact food-only Wednesday pizza special.,codex_phase_1k,2026-06-02T16:05:00-04:00,true,Up to 3 toppings; exact time window not listed; other restrictions not captured.,time_window_missing;restrictions_incomplete,false,,Static prototype deal; food-only copy approved.,codex_phase_1k,2026-06-02T16:05:00-04:00,2026-06-02T16:05:00-04:00,2026-06-02T16:05:00-04:00,,,verified_static,false,Static prototype data. Deal availability is not live and must be confirmed against the listed evidence date.
deal-k38-independence-monday-5-food-specials,seed-k38-independence-monday-monday-5-food-specials,k38-independence,K38 Independence,Monday $5 food specials,Official Independence page supports Monday $5 food items after 5 PM dine-in only.,$5 food specials at K38 Independence,"K38 Independence lists Monday $5 food items after 5 PM, including Baja fish tacos, queso, guac, elote, Poor Surfer, and chicken elote rolls.",food_special,food_only,Monday,17:00,,,,weekly,$5,,,true,,,false,src-k38-independence-specials,cap-k38-independence-2026-06-02-food-specials,chk-k38-independence-2026-06-02-food-specials,,tier_1_official,https://k38bajagrill.com/locations/independence/,K38 Independence official page,manual_web_review,2026-06-02T16:05:00-04:00,https://k38bajagrill.com/locations/independence/,fixtures/prototype/evidence/verified-static/src-k38-independence-specials.md,,Official page lists Monday food specials starting at 5 PM and Everything $5 food items.,Official Independence page-backed Monday food special reviewed for static prototype.,sha256:67ab527a77e12b5dc20ceb52b05d36589d2c7ef7ce76fdd8d04988017c21e227,2026-06-02,2026-06-02,,2026-06-16,verified,approved,true,,wilmington_confirmed,Official Independence page lists 3846 Carolina Beach Road Wilmington NC 28412.,rt-k38-monday-5-food-public-review,Source-backed candidate reviewed for static prototype public feed.,codex_phase_1k,approved,Official source supports exact food-only Monday special and dine-in restriction; alcohol copy suppressed.,codex_phase_1k,2026-06-02T16:05:00-04:00,true,Food specials start at 5 PM; dine-in only; eligible items captured from source.,end_time_missing,false,,Static prototype deal; alcohol specials suppressed.,codex_phase_1k,2026-06-02T16:05:00-04:00,2026-06-02T16:05:00-04:00,2026-06-02T16:05:00-04:00,,,verified_static,false,Static prototype data. Deal availability is not live and must be confirmed against the listed evidence date.
deal-k38-independence-wednesday-half-off-de-la-casa-quesadilla,seed-k38-independence-wednesday-wednesday-half-off-de-la-casa-quesadilla,k38-independence,K38 Independence,Wednesday half off De La Casa quesadilla,Official Independence page supports half off De La Casa quesadilla Wednesday after 5 PM dine-in only.,Half off quesadillas at K38 Independence,"K38 Independence lists half off De La Casa quesadillas on Wednesdays after 5 PM, with chicken, cheese, or veggie options.",quesadilla_special,food_only,Wednesday,17:00,,,,weekly,,50% off,,true,,,false,src-k38-independence-specials,cap-k38-independence-2026-06-02-food-specials,chk-k38-independence-2026-06-02-food-specials,,tier_1_official,https://k38bajagrill.com/locations/independence/,K38 Independence official page,manual_web_review,2026-06-02T16:05:00-04:00,https://k38bajagrill.com/locations/independence/,fixtures/prototype/evidence/verified-static/src-k38-independence-specials.md,,Official page lists Wednesday food specials starting at 5 PM and 1/2 off De La Casa quesadillas.,Official Independence page-backed Wednesday quesadilla special reviewed for static prototype.,sha256:e3f47bd2e61f1272efc093083b590baa67c73d402dfdf705c6e56de7ffbf00b4,2026-06-02,2026-06-02,,2026-06-16,verified,approved,true,,wilmington_confirmed,Official Independence page lists 3846 Carolina Beach Road Wilmington NC 28412.,rt-k38-wednesday-quesadilla-public-review,Source-backed candidate reviewed for static prototype public feed.,codex_phase_1k,approved,Official source supports food-only Wednesday quesadilla discount and dine-in restriction; alcohol copy suppressed.,codex_phase_1k,2026-06-02T16:05:00-04:00,true,Food specials start at 5 PM; dine-in only; chicken cheese or veggie quesadilla.,end_time_missing,false,,Static prototype deal; alcohol specials suppressed.,codex_phase_1k,2026-06-02T16:05:00-04:00,2026-06-02T16:05:00-04:00,2026-06-02T16:05:00-04:00,,,verified_static,false,Static prototype data. Deal availability is not live and must be confirmed against the listed evidence date.
deal-true-blue-butcher-barrel-wednesday-7-smash-burgers,seed-true-blue-butcher-and-barrel-wednesday-wednesday-7-smash-burgers,true-blue-butcher-barrel,True Blue Butcher & Barrel,Wednesday $7 smash burgers,Official concept page supports $7 smash burgers on Wednesdays from 4 PM to 7 PM.,$7 smash burgers at True Blue Butcher & Barrel,True Blue Butcher & Barrel lists $7 smash burgers on Wednesdays from 4 PM to 7 PM.,burger_special,food_only,Wednesday,16:00,19:00,,,weekly,$7,,,true,,,false,src-true-blue-butcher-barrel-primary,cap-true-blue-butcher-barrel-2026-06-02-weekly-deals,chk-true-blue-butcher-barrel-2026-06-02-weekly-deals,,tier_1_official,https://www.wearetrueblue.com/butcherandbarrel,True Blue Butcher & Barrel official page,manual_web_review,2026-06-02T16:35:00-04:00,https://www.wearetrueblue.com/butcherandbarrel,fixtures/prototype/evidence/verified-static/src-true-blue-butcher-barrel-primary.md,,Official page lists Wednesday $7 smash burgers from 4 PM to 7 PM.,Official concept page-backed Wednesday burger candidate reviewed for static prototype.,sha256:85bce4105309c3914ef329ceff18e012ccf49262b2e103202e6258b109e275c7,2026-06-02,2026-06-02,,2026-06-16,verified,approved,true,,wilmington_confirmed,Official concept page lists 110 Greenfield Street Suite 114 Wilmington NC 28401.,rt-true-blue-barrel-smash-burgers-public-review,Source-backed candidate reviewed for static prototype public feed.,codex_phase_1l,approved,Official source supports exact food-only Wednesday burger special; alcohol copy suppressed.,codex_phase_1l,2026-06-02T16:35:00-04:00,true,Wednesday 4 PM to 7 PM; other restrictions not captured.,restrictions_incomplete,false,,Static prototype deal; food-only copy approved.,codex_phase_1l,2026-06-02T16:35:00-04:00,2026-06-02T16:35:00-04:00,2026-06-02T16:35:00-04:00,,,verified_static,false,Static prototype data. Deal availability is not live and must be confirmed against the listed evidence date.
deal-true-blue-butcher-barrel-thursday-1-raw-oysters,seed-true-blue-butcher-and-barrel-thursday-thursday-1-raw-oysters,true-blue-butcher-barrel,True Blue Butcher & Barrel,Thursday $1 raw oysters,Official concept page supports $1 raw oysters on Thursdays from 4 PM to close.,$1 raw oysters at True Blue Butcher & Barrel,True Blue Butcher & Barrel lists raw oysters for $1 each on Thursdays from 4 PM to close.,oyster_special,food_only,Thursday,16:00,,,,weekly,$1 each,,6 oysters,true,,,false,src-true-blue-butcher-barrel-primary,cap-true-blue-butcher-barrel-2026-06-02-weekly-deals,chk-true-blue-butcher-barrel-2026-06-02-weekly-deals,,tier_1_official,https://www.wearetrueblue.com/butcherandbarrel,True Blue Butcher & Barrel official page,manual_web_review,2026-06-02T16:35:00-04:00,https://www.wearetrueblue.com/butcherandbarrel,fixtures/prototype/evidence/verified-static/src-true-blue-butcher-barrel-primary.md,,Official page lists Thursday $1 raw oysters from 4 PM to close.,Official concept page-backed Thursday oyster candidate reviewed for static prototype.,sha256:2f8fd3ce1022d6b2bd1e9127922781cf0cf2721c69b61fa48753229337b6f944,2026-06-02,2026-06-02,,2026-06-16,verified,approved,true,,wilmington_confirmed,Official concept page lists 110 Greenfield Street Suite 114 Wilmington NC 28401.,rt-true-blue-barrel-oysters-public-review,Source-backed candidate reviewed for static prototype public feed.,codex_phase_1l,approved,Official source supports exact food-only Thursday oyster special with min/max limits; alcohol copy suppressed.,codex_phase_1l,2026-06-02T16:35:00-04:00,true,Thursday 4 PM to close; minimum 6 oysters and maximum 12 per person.,end_time_missing,false,,Static prototype deal; food-only copy approved.,codex_phase_1l,2026-06-02T16:35:00-04:00,2026-06-02T16:35:00-04:00,2026-06-02T16:35:00-04:00,,,verified_static,false,Static prototype data. Deal availability is not live and must be confirmed against the listed evidence date.
deal-true-blue-butcher-barrel-friday-saturday-5-bar-snacks,seed-true-blue-butcher-and-barrel-friday-saturday-friday-and-saturday-5-bar-snacks,true-blue-butcher-barrel,True Blue Butcher & Barrel,Friday and Saturday $5 bar snacks,Official concept page supports select $5 bar snacks on Friday and Saturday from 4 PM to 7 PM.,$5 bar snacks at True Blue Butcher & Barrel,True Blue Butcher & Barrel lists select $5 bar snacks on Friday and Saturday from 4 PM to 7 PM.,appetizer_special,food_only,Friday;Saturday,16:00,19:00,,,weekly,$5,,,true,,,true,src-true-blue-butcher-barrel-primary,cap-true-blue-butcher-barrel-2026-06-02-weekly-deals,chk-true-blue-butcher-barrel-2026-06-02-weekly-deals,,tier_1_official,https://www.wearetrueblue.com/butcherandbarrel,True Blue Butcher & Barrel official page,manual_web_review,2026-06-02T16:35:00-04:00,https://www.wearetrueblue.com/butcherandbarrel,fixtures/prototype/evidence/verified-static/src-true-blue-butcher-barrel-primary.md,,Official page lists Friday and Saturday $5 select bar snacks from 4 PM to 7 PM.,Official concept page-backed Friday/Saturday bar snack candidate reviewed for static prototype.,sha256:75f697d9f1a061ce77d602c1bd5f40cf33eab28ac474b6dd9b1dcdbc87d0b115,2026-06-02,2026-06-02,,2026-06-16,verified,approved,true,,wilmington_confirmed,Official concept page lists 110 Greenfield Street Suite 114 Wilmington NC 28401.,rt-true-blue-barrel-bar-snacks-public-review,Source-backed candidate reviewed for static prototype public feed.,codex_phase_1l,approved,Official source supports food-only Friday/Saturday select bar snack special; alcohol copy suppressed.,codex_phase_1l,2026-06-02T16:35:00-04:00,true,Select bar snack menu items only; Friday and Saturday 4 PM to 7 PM.,select_items_only,false,,Static prototype deal; food-only copy approved.,codex_phase_1l,2026-06-02T16:35:00-04:00,2026-06-02T16:35:00-04:00,2026-06-02T16:35:00-04:00,,,verified_static,false,Static prototype data. Deal availability is not live and must be confirmed against the listed evidence date.
deal-coquina-fishbar-friday-half-priced-apps,seed-coquina-fishbar-friday-friday-half-priced-apps,coquina-fishbar,Coquina Fishbar,Friday half-priced apps,Official homepage supports half-priced apps in the bar and patio on Fridays from 4 PM to 6 PM.,Half-priced apps at Coquina Fishbar,Coquina Fishbar lists half-priced apps in the bar and patio on Fridays from 4 PM to 6 PM.,appetizer_special,food_only,Friday,16:00,18:00,,,weekly,,50% off,,true,,,true,src-coquina-fishbar-primary,cap-coquina-fishbar-2026-06-02-friday-apps,chk-coquina-fishbar-2026-06-02-friday-apps,,tier_1_official,https://coquinafishbar.com/,Coquina Fishbar official homepage,manual_web_review,2026-06-02T16:35:00-04:00,https://coquinafishbar.com/,fixtures/prototype/evidence/verified-static/src-coquina-fishbar-primary.md,,Official homepage lists Friday half-priced apps in the bar and patio from 4 PM to 6 PM.,Official homepage-backed Friday appetizer candidate reviewed for static prototype.,sha256:1afd33e3fd0aacaec5615937e8e44af93a00a28184d1688eadd9cb8488de6ef0,2026-06-02,2026-06-02,,2026-06-16,verified,approved,true,,wilmington_confirmed,Official homepage lists 890 Town Center Dr Wilmington NC 28405 Mayfaire Town Center.,rt-coquina-friday-apps-public-review,Source-backed candidate reviewed for static prototype public feed.,codex_phase_1l,approved,Official source supports food-only Friday appetizer special; drink-special framing suppressed.,codex_phase_1l,2026-06-02T16:35:00-04:00,true,Friday 4 PM to 6 PM; bar and patio only.,source_section_drink_specials;bar_patio_only,false,,Static prototype deal; food-only copy approved.,codex_phase_1l,2026-06-02T16:35:00-04:00,2026-06-02T16:35:00-04:00,2026-06-02T16:35:00-04:00,,,verified_static,false,Static prototype data. Deal availability is not live and must be confirmed against the listed evidence date.
deal-rebellion-nc-monday-half-price-burgers,seed-rebellion-nc-monday-half-price-burgers,rebellion-nc,Rebellion NC,Half price burgers,Official Daily Features image supports half price burgers on Monday.,Half-price burgers at Rebellion NC,Rebellion NC lists half-price burgers on Mondays during Monday service hours.,burger_special,food_only,Monday,16:00,22:00,,,weekly,,50% off,,true,,,false,src-rebellion-nc-daily-features,cap-rebellion-nc-2026-06-02-daily-features,chk-rebellion-nc-2026-06-02-daily-features,,tier_1_official,https://rebellionnc.com/files/2025/03/DAILY-FEATURES-as-of-03.31.2025-01.jpg,Rebellion NC Daily Features image,official_image_review,2026-06-02T17:35:00-04:00,https://rebellionnc.com/files/2025/03/DAILY-FEATURES-as-of-03.31.2025-01.jpg,fixtures/prototype/evidence/verified-static/src-rebellion-nc-daily-features.md,https://rebellionnc.com/files/2025/03/DAILY-FEATURES-as-of-03.31.2025-01.jpg,Official Daily Features image lists Mandatory Monday half price burgers.,Official Daily Features image-backed Monday burger candidate reviewed for static prototype.,sha256:11396edfdfe8914adac90f32775ff47da212d14bcf24ae659d5c7b498b9f1520,2026-06-02,2026-06-02,,2026-06-16,verified,approved,true,,wilmington_confirmed,Official site lists 15 S Front St Wilmington NC 28401.,rt-rebellion-nc-burgers-public-review,Source-backed candidate reviewed for static prototype public feed.,codex_phase_1n,approved,Official source supports food-only Monday half price burgers; drink copy suppressed.,codex_phase_1n,2026-06-02T17:35:00-04:00,true,Monday service hours; not available on holidays.,holiday_exclusion;service_hours_inferred_from_homepage,false,,Static prototype deal; alcohol specials suppressed.,codex_phase_1n,2026-06-02T17:35:00-04:00,2026-06-02T17:35:00-04:00,2026-06-02T17:35:00-04:00,,,verified_static,false,Static prototype data. Deal availability is not live and must be confirmed against the listed evidence date.
deal-rebellion-nc-tuesday-3-off-communal-grub,seed-rebellion-nc-tuesday-3-off-communal-grub,rebellion-nc,Rebellion NC,$3 off communal grub,Official Daily Features image supports $3 off all communal grub on Tuesday.,$3 off communal grub at Rebellion NC,Rebellion NC lists $3 off all communal grub on Tuesdays during Tuesday service hours.,appetizer_special,food_only,Tuesday,11:00,22:00,,,weekly,,$3 off,,true,,,false,src-rebellion-nc-daily-features,cap-rebellion-nc-2026-06-02-daily-features,chk-rebellion-nc-2026-06-02-daily-features,,tier_1_official,https://rebellionnc.com/files/2025/03/DAILY-FEATURES-as-of-03.31.2025-01.jpg,Rebellion NC Daily Features image,official_image_review,2026-06-02T17:35:00-04:00,https://rebellionnc.com/files/2025/03/DAILY-FEATURES-as-of-03.31.2025-01.jpg,fixtures/prototype/evidence/verified-static/src-rebellion-nc-daily-features.md,https://rebellionnc.com/files/2025/03/DAILY-FEATURES-as-of-03.31.2025-01.jpg,Official Daily Features image lists Tuesday $3 off all communal grub.,Official Daily Features image-backed Tuesday communal grub candidate reviewed for static prototype.,sha256:c26b704f2878f10e3d95f66e686f4a89bcac3eb1e1dde4b9a34406c44bb67873,2026-06-02,2026-06-02,,2026-06-16,verified,approved,true,,wilmington_confirmed,Official site lists 15 S Front St Wilmington NC 28401.,rt-rebellion-nc-communal-grub-public-review,Source-backed candidate reviewed for static prototype public feed.,codex_phase_1n,approved,Official source supports food-only Tuesday communal grub discount; drink copy suppressed.,codex_phase_1n,2026-06-02T17:35:00-04:00,true,Tuesday service hours; eligible communal grub items not enumerated.,eligible_items_not_enumerated;service_hours_inferred_from_homepage,false,,Static prototype deal; alcohol specials suppressed.,codex_phase_1n,2026-06-02T17:35:00-04:00,2026-06-02T17:35:00-04:00,2026-06-02T17:35:00-04:00,,,verified_static,false,Static prototype data. Deal availability is not live and must be confirmed against the listed evidence date.
deal-rebellion-nc-wednesday-10-wings,seed-rebellion-nc-wednesday-10-wings,rebellion-nc,Rebellion NC,$10 wings,Official Daily Features image supports $10 wings on Wednesday.,$10 wings at Rebellion NC,Rebellion NC lists $10 wings on Wednesdays during Wednesday service hours.,wing_special,food_only,Wednesday,11:00,22:00,,,weekly,$10,,,true,,,false,src-rebellion-nc-daily-features,cap-rebellion-nc-2026-06-02-daily-features,chk-rebellion-nc-2026-06-02-daily-features,,tier_1_official,https://rebellionnc.com/files/2025/03/DAILY-FEATURES-as-of-03.31.2025-01.jpg,Rebellion NC Daily Features image,official_image_review,2026-06-02T17:35:00-04:00,https://rebellionnc.com/files/2025/03/DAILY-FEATURES-as-of-03.31.2025-01.jpg,fixtures/prototype/evidence/verified-static/src-rebellion-nc-daily-features.md,https://rebellionnc.com/files/2025/03/DAILY-FEATURES-as-of-03.31.2025-01.jpg,Official Daily Features image lists Wednesday $10 wings.,Official Daily Features image-backed Wednesday wings candidate reviewed for static prototype.,sha256:a4ee810a915899b0230d0b7c3e27ac14725c26f05ebb291c928ea50144c4b9a2,2026-06-02,2026-06-02,,2026-06-16,verified,approved,true,,wilmington_confirmed,Official site lists 15 S Front St Wilmington NC 28401.,rt-rebellion-nc-wings-public-review,Source-backed candidate reviewed for static prototype public feed.,codex_phase_1n,approved,Official source supports food-only Wednesday wings special; drink copy suppressed.,codex_phase_1n,2026-06-02T17:35:00-04:00,true,Wednesday service hours; wing count and style not enumerated.,wing_quantity_not_enumerated;service_hours_inferred_from_homepage,false,,Static prototype deal; alcohol specials suppressed.,codex_phase_1n,2026-06-02T17:35:00-04:00,2026-06-02T17:35:00-04:00,2026-06-02T17:35:00-04:00,,,verified_static,false,Static prototype data. Deal availability is not live and must be confirmed against the listed evidence date.
