review_task_id,related_type,related_id,deal_id,source_id,restaurant_id,source_capture_id,direct_confirmation_id,report_source,opened_at,opened_by,assigned_reviewer,review_reason,risk_flags,priority,status,decision,decision_reason,decided_at,decided_by,next_action,next_action_due,audit_event_id,resolution_notes,fixture_data_class,is_live_data,prototype_notice
rt-c-street-mexican-grill-seed-review,restaurant,c-street-mexican-grill,,src-c-street-mexican-grill-primary,c-street-mexican-grill,cap-c-street-mexican-grill-2026-06-01,,seed_audit,2026-06-01T13:00:00-04:00,codex_seed_audit,,Verify official Wilmington address before public output.,questionable_address;multi_location_risk,critical,open,,,,,Confirm address from official source or direct confirmation.,2026-06-08,,,verified_static,false,Static prototype data. Deal availability is not live and must be confirmed against the listed evidence date.
rt-cornelias-seed-review,restaurant,cornelias,,src-cornelias-primary,cornelias,cap-cornelias-2026-06-01,,seed_audit,2026-06-01T13:00:00-04:00,codex_seed_audit,,Confirm public restaurant access because location is at The Davis Community.,public_access_unclear,high,open,,,,,Confirm whether public diners can use the restaurant and under what conditions.,2026-06-08,,,verified_static,false,Static prototype data. Deal availability is not live and must be confirmed against the listed evidence date.
rt-kornerstone-bistro-seed-review,restaurant,kornerstone-bistro,,src-kornerstone-bistro-primary,kornerstone-bistro,cap-kornerstone-bistro-2026-06-01,,seed_audit,2026-06-01T13:00:00-04:00,codex_seed_audit,,Review weekly specials for food-only MVP copy.,mixed_food_alcohol;alcohol_suppression,high,open,,,,,Extract only food-safe public copy from current source.,2026-06-08,,,verified_static,false,Static prototype data. Deal availability is not live and must be confirmed against the listed evidence date.
rt-roko-italian-cuisine-seed-review,restaurant,roko-italian-cuisine,,src-roko-italian-cuisine-primary,roko-italian-cuisine,cap-roko-italian-cuisine-2026-06-01,,seed_audit,2026-06-01T13:00:00-04:00,codex_seed_audit,,Review weekly specials for alcohol-only risk and location-specific evidence.,mixed_food_alcohol;multi_location_risk,high,open,,,,,Confirm food-publishable terms or keep unpublished.,2026-06-08,,,verified_static,false,Static prototype data. Deal availability is not live and must be confirmed against the listed evidence date.
rt-fortunate-glass-seed-review,restaurant,fortunate-glass,,src-fortunate-glass-primary,fortunate-glass,cap-fortunate-glass-2026-06-01,,seed_audit,2026-06-01T13:00:00-04:00,codex_seed_audit,,Review tapas/wine bar source for food-only publishability.,mixed_food_alcohol;alcohol_suppression,normal,open,,,,,Extract only food/tapas terms with current evidence.,2026-06-08,,,verified_static,false,Static prototype data. Deal availability is not live and must be confirmed against the listed evidence date.
rt-tomiko-san-seed-review,restaurant,tomiko-san,,src-tomiko-san-primary,tomiko-san,cap-tomiko-san-2026-06-01,,seed_audit,2026-06-01T13:00:00-04:00,codex_seed_audit,,Review sushi-hour source for food-safe copy.,mixed_food_alcohol;food_safe_copy_required,normal,open,,,,,"Confirm exact food items, dates, times, and exclusions.",2026-06-08,,,verified_static,false,Static prototype data. Deal availability is not live and must be confirmed against the listed evidence date.
rt-yosake-seed-review,restaurant,yosake,,src-yosake-primary,yosake,cap-yosake-2026-06-01,,seed_audit,2026-06-01T13:00:00-04:00,codex_seed_audit,,Review happy-hour food source for exclusions and food-safe copy.,mixed_food_alcohol;food_safe_copy_required,normal,open,,,,,Confirm exact discounted food items and restrictions.,2026-06-08,,,verified_static,false,Static prototype data. Deal availability is not live and must be confirmed against the listed evidence date.
rt-the-half-downtown-seed-review,restaurant,the-half-downtown,,src-the-half-downtown-primary,the-half-downtown,cap-the-half-downtown-2026-06-01,,seed_audit,2026-06-01T13:00:00-04:00,codex_seed_audit,,Confirm location-specific source and partner-platform permissions.,multi_location_risk;partner_platform,high,open,,,,,Keep source manual until location and terms are confirmed.,2026-06-08,,,verified_static,false,Static prototype data. Deal availability is not live and must be confirmed against the listed evidence date.
rt-pinpoint-restaurant-seed-review,restaurant,pinpoint-restaurant,,src-pinpoint-restaurant-primary,pinpoint-restaurant,cap-pinpoint-restaurant-2026-06-01,,seed_audit,2026-06-01T13:00:00-04:00,codex_seed_audit,codex_phase_1m,Confirm operating status and exact oyster/menu terms before restoring public visibility.,multi_location_risk;exact_terms_required;operating_status_required;closure_risk;public_hold,critical,open,,,,,Reconfirm that the restaurant is operating at the Wilmington address before any public restaurant or deal row is visible.,2026-06-09,aud-pinpoint-public-hold-2026-06-02,,verified_static,false,Static prototype data. Deal availability is not live and must be confirmed against the listed evidence date.
rt-tacobaby-seed-review,restaurant,tacobaby,,src-tacobaby-primary,tacobaby,cap-tacobaby-2026-06-01,,seed_audit,2026-06-01T13:00:00-04:00,codex_seed_audit,,Capture exact current lunch/daily-special terms before public deal row.,exact_terms_required,normal,open,,,,,"Record exact source quote, dates, restrictions, and review decision.",2026-06-08,,,verified_static,false,Static prototype data. Deal availability is not live and must be confirmed against the listed evidence date.
rt-true-blue-butcher-table-seed-review,restaurant,true-blue-butcher-table,,src-true-blue-butcher-table-primary,true-blue-butcher-table,cap-true-blue-butcher-table-2026-06-01,,seed_audit,2026-06-01T13:00:00-04:00,codex_seed_audit,codex_phase_1h,Capture exact current weekly-deal terms before public deal row.,exact_terms_required,normal,closed,approved,Exact weekly burger terms captured in cap-true-blue-butcher-table-2026-06-02-smash-burgers and promoted as a public static prototype deal.,2026-06-02T13:15:00-04:00,codex_phase_1h,recheck_source,2026-06-16,aud-true-blue-smash-burgers-published,Resolved by public deal promotion; older $5 user-note wording remains superseded.,verified_static,false,Static prototype data. Deal availability is not live and must be confirmed against the listed evidence date.
rt-za-pie-pizzeria-seed-review,restaurant,za-pie-pizzeria,,src-za-pie-pizzeria-primary,za-pie-pizzeria,cap-za-pie-pizzeria-2026-06-01,,seed_audit,2026-06-01T13:00:00-04:00,codex_seed_audit,,Confirm standing combo/special terms before public deal row.,exact_terms_required,normal,open,,,,,"Record exact source quote, dates, restrictions, and review decision.",2026-06-08,,,verified_static,false,Static prototype data. Deal availability is not live and must be confirmed against the listed evidence date.
rt-tidewater-oyster-bar-seed-review,restaurant,tidewater-oyster-bar,,src-tidewater-oyster-bar-primary,tidewater-oyster-bar,cap-tidewater-oyster-bar-2026-06-01,,seed_audit,2026-06-01T13:00:00-04:00,codex_seed_audit,,Clarify generally described daily/weekly specials.,exact_terms_required,normal,open,,,,,Use direct confirmation or exact official text before deal row.,2026-06-08,,,verified_static,false,Static prototype data. Deal availability is not live and must be confirmed against the listed evidence date.
rt-block-taco-seed-review,restaurant,block-taco,,src-block-taco-primary,block-taco,cap-block-taco-2026-06-01,,seed_audit,2026-06-01T13:00:00-04:00,codex_seed_audit,,Capture exact current specials and avoid unsupported award claims.,exact_terms_required;no_award_claims,normal,open,,,,,Record exact source quote and restrictions before public copy.,2026-06-08,,,verified_static,false,Static prototype data. Deal availability is not live and must be confirmed against the listed evidence date.
rt-beat-street-tacos-public-review,deal,deal-beat-street-tuesday-2-tacos,deal-beat-street-tuesday-2-tacos,src-beat-street-primary,beat-street,cap-beat-street-2026-06-01,,phase_1c_public_review,2026-06-01T22:20:00-04:00,codex_phase_1c,codex_phase_1c,Approve source-backed Beat Street taco candidate for static prototype public feed.,price_specific;time_window;food_safe_copy_required;freshness_required,high,closed,approved,Official source supports exact food-only taco special and time window.,2026-06-01T22:20:00-04:00,codex_phase_1c,recheck_source,2026-06-15,aud-beat-street-tacos-published,Public copy approved for static prototype only.,verified_static,false,Static prototype data. Deal availability is not live and must be confirmed against the listed evidence date.
rt-ponysaurus-wings-public-review,deal,deal-ponysaurus-monday-half-price-wings,deal-ponysaurus-monday-half-price-wings,src-ponysaurus-wilmington-primary,ponysaurus-wilmington,cap-ponysaurus-wilmington-2026-06-02,,phase_1d_public_review,2026-06-02T09:40:00-04:00,codex_phase_1d,codex_phase_1d,Approve source-backed Ponysaurus Monday wings candidate for static prototype public feed.,price_specific;brewery_context;food_safe_copy_required;freshness_required,high,closed,approved,Official source supports exact food-only wings special; alcohol pitcher copy suppressed.,2026-06-02T09:40:00-04:00,codex_phase_1d,recheck_source,2026-06-16,aud-ponysaurus-wings-published,Public food-only copy approved for static prototype only.,verified_static,false,Static prototype data. Deal availability is not live and must be confirmed against the listed evidence date.
rt-ponysaurus-pizza-public-review,deal,deal-ponysaurus-tuesday-10-pizza,deal-ponysaurus-tuesday-10-pizza,src-ponysaurus-wilmington-primary,ponysaurus-wilmington,cap-ponysaurus-wilmington-2026-06-02,,phase_1d_public_review,2026-06-02T09:40:00-04:00,codex_phase_1d,codex_phase_1d,Approve source-backed Ponysaurus Tuesday pizza candidate for static prototype public feed.,price_specific;brewery_context;food_safe_copy_required;freshness_required,high,closed,approved,Official source supports exact food-only pizza special.,2026-06-02T09:40:00-04:00,codex_phase_1d,recheck_source,2026-06-16,aud-ponysaurus-pizza-published,Public food-only copy approved for static prototype only.,verified_static,false,Static prototype data. Deal availability is not live and must be confirmed against the listed evidence date.
rt-ponysaurus-burger-public-review,deal,deal-ponysaurus-wednesday-half-price-burger,deal-ponysaurus-wednesday-half-price-burger,src-ponysaurus-wilmington-primary,ponysaurus-wilmington,cap-ponysaurus-wilmington-2026-06-02,,phase_1d_public_review,2026-06-02T09:40:00-04:00,codex_phase_1d,codex_phase_1d,Approve source-backed Ponysaurus Wednesday burger candidate for static prototype public feed.,price_specific;brewery_context;food_safe_copy_required;freshness_required,high,closed,approved,Official source supports exact food-only burger special.,2026-06-02T09:40:00-04:00,codex_phase_1d,recheck_source,2026-06-16,aud-ponysaurus-burger-published,Public food-only copy approved for static prototype only.,verified_static,false,Static prototype data. Deal availability is not live and must be confirmed against the listed evidence date.
rt-hells-kitchen-meatball-sub-public-review,deal,deal-hells-kitchen-tuesday-meatball-sub,deal-hells-kitchen-tuesday-meatball-sub,src-hells-kitchen-primary,hells-kitchen,cap-hells-kitchen-2026-06-02,,phase_1e_public_review,2026-06-02T10:25:00-04:00,codex_phase_1e,codex_phase_1e,Approve source-backed Hell's Kitchen Tuesday meatball sub candidate for static prototype public feed.,price_specific;time_window;food_safe_copy_required;freshness_required,high,closed,approved,Official homepage supports exact food-only Tuesday special and lunch time window; drink special copy suppressed.,2026-06-02T10:25:00-04:00,codex_phase_1e,recheck_source,2026-06-16,aud-hells-kitchen-meatball-sub-published,Public food-only copy approved for static prototype only.,verified_static,false,Static prototype data. Deal availability is not live and must be confirmed against the listed evidence date.
rt-beat-street-smashburgers-public-review,deal,deal-beat-street-wednesday-7-smashburgers,deal-beat-street-wednesday-7-smashburgers,src-beat-street-primary,beat-street,cap-beat-street-2026-06-02-smashburgers,,phase_1h_public_review,2026-06-02T13:15:00-04:00,codex_phase_1h,codex_phase_1h,Source-backed corrected Wednesday burger claim reviewed for static prototype public feed.,price_specific;time_window;food_safe_copy_required;freshness_required;restrictions_incomplete,high,closed,approved,Official source supports exact food-only burger special and time window; superseded $5 wording remains blocked.,2026-06-02T13:15:00-04:00,codex_phase_1h,recheck_source,2026-06-16,aud-beat-street-smashburgers-published,Public food-only copy approved for static prototype only.,verified_static,false,Static prototype data. Deal availability is not live and must be confirmed against the listed evidence date.
rt-true-blue-smash-burgers-public-review,deal,deal-true-blue-butcher-table-wednesday-7-smash-burgers,deal-true-blue-butcher-table-wednesday-7-smash-burgers,src-true-blue-butcher-table-primary,true-blue-butcher-table,cap-true-blue-butcher-table-2026-06-02-smash-burgers,,phase_1h_public_review,2026-06-02T13:15:00-04:00,codex_phase_1h,codex_phase_1h,Source-backed corrected True Blue Butcher & Table burger claim reviewed for static prototype public feed.,price_specific;time_window;food_safe_copy_required;freshness_required;restrictions_incomplete,high,closed,approved,Official source supports exact food-only burger special and time window; concept-specific public copy approved.,2026-06-02T13:15:00-04:00,codex_phase_1h,recheck_source,2026-06-16,aud-true-blue-smash-burgers-published,Public food-only copy approved for static prototype only.,verified_static,false,Static prototype data. Deal availability is not live and must be confirmed against the listed evidence date.
rt-rx-oyster-happy-hour-public-review,deal,deal-rx-chicken-oysters-wed-fri-half-price-oysters,deal-rx-chicken-oysters-wed-fri-half-price-oysters,src-rx-chicken-oysters-primary,rx-chicken-oysters,cap-rx-chicken-oysters-2026-06-02-oyster-happy-hour,,phase_1h_public_review,2026-06-02T13:15:00-04:00,codex_phase_1h,codex_phase_1h,Source-backed Rx oyster special reviewed for static prototype public feed.,price_specific;time_window;food_safe_copy_required;freshness_required;restrictions_incomplete,high,closed,approved,Official source supports exact food-only oyster special and time window; wine/mimosa copy suppressed.,2026-06-02T13:15:00-04:00,codex_phase_1h,recheck_source,2026-06-16,aud-rx-oyster-happy-hour-published,Public food-only copy approved for static prototype only.,verified_static,false,Static prototype data. Deal availability is not live and must be confirmed against the listed evidence date.
rt-south-front-empanadas-public-review,deal,deal-south-front-tavern-monday-4-empanadas,deal-south-front-tavern-monday-4-empanadas,src-south-front-tavern-primary,south-front-tavern,cap-south-front-tavern-2026-06-02-weekly-food-specials,,phase_1i_public_review,2026-06-02T14:25:00-04:00,codex_phase_1i,codex_phase_1i,Source-backed South Front Monday empanada claim reviewed for static prototype public feed.,price_specific;food_safe_copy_required;freshness_required;restrictions_incomplete,high,closed,approved,Official source supports exact food-only Monday empanada special; drink copy suppressed.,2026-06-02T14:25:00-04:00,codex_phase_1i,recheck_source,2026-06-16,aud-south-front-empanadas-published,Public food-only copy approved for static prototype only.,verified_static,false,Static prototype data. Deal availability is not live and must be confirmed against the listed evidence date.
rt-south-front-quesadillas-public-review,deal,deal-south-front-tavern-wednesday-half-price-quesadillas,deal-south-front-tavern-wednesday-half-price-quesadillas,src-south-front-tavern-primary,south-front-tavern,cap-south-front-tavern-2026-06-02-weekly-food-specials,,phase_1i_public_review,2026-06-02T14:25:00-04:00,codex_phase_1i,codex_phase_1i,Source-backed South Front Wednesday quesadilla claim reviewed for static prototype public feed.,discount_specific;dine_in_only;food_safe_copy_required;freshness_required;restrictions_incomplete,high,closed,approved,Official source supports food-only Wednesday quesadilla special and dine-in restriction.,2026-06-02T14:25:00-04:00,codex_phase_1i,recheck_source,2026-06-16,aud-south-front-quesadillas-published,Public food-only copy approved for static prototype only.,verified_static,false,Static prototype data. Deal availability is not live and must be confirmed against the listed evidence date.
rt-south-front-smashburger-public-review,deal,deal-south-front-tavern-thursday-5-smashburger,deal-south-front-tavern-thursday-5-smashburger,src-south-front-tavern-primary,south-front-tavern,cap-south-front-tavern-2026-06-02-weekly-food-specials,,phase_1i_public_review,2026-06-02T14:25:00-04:00,codex_phase_1i,codex_phase_1i,Source-backed South Front Thursday SmashBurger claim reviewed for static prototype public feed.,price_specific;dine_in_only;food_safe_copy_required;freshness_required;restrictions_incomplete,high,closed,approved,Official source supports exact food-only Thursday burger special and dine-in restriction.,2026-06-02T14:25:00-04:00,codex_phase_1i,recheck_source,2026-06-16,aud-south-front-smashburger-published,Public food-only copy approved for static prototype only.,verified_static,false,Static prototype data. Deal availability is not live and must be confirmed against the listed evidence date.
rt-south-front-bar-bites-public-review,deal,deal-south-front-tavern-friday-5-bar-bites,deal-south-front-tavern-friday-5-bar-bites,src-south-front-tavern-primary,south-front-tavern,cap-south-front-tavern-2026-06-02-weekly-food-specials,,phase_1i_public_review,2026-06-02T14:25:00-04:00,codex_phase_1i,codex_phase_1i,Source-backed South Front Friday bar bites claim reviewed for static prototype public feed.,price_specific;time_window;food_safe_copy_required;freshness_required;restrictions_incomplete,high,closed,approved,Official source supports exact food-only Friday bar bites special and time window.,2026-06-02T14:25:00-04:00,codex_phase_1i,recheck_source,2026-06-16,aud-south-front-bar-bites-published,Public food-only copy approved for static prototype only.,verified_static,false,Static prototype data. Deal availability is not live and must be confirmed against the listed evidence date.
rt-cardinal-pizza-public-review,deal,deal-the-cardinal-tuesday-half-price-pizza,deal-the-cardinal-tuesday-half-price-pizza,src-the-cardinal-primary,the-cardinal,cap-the-cardinal-2026-06-02-weekly-food-specials,,phase_1i_public_review,2026-06-02T14:25:00-04:00,codex_phase_1i,codex_phase_1i,Source-backed Cardinal Tuesday pizza claim reviewed for static prototype public feed.,discount_specific;dine_in_only;food_safe_copy_required;freshness_required;time_window_missing,high,closed,approved,Official source supports food-only Tuesday pizza special and dine-in restriction.,2026-06-02T14:25:00-04:00,codex_phase_1i,recheck_source,2026-06-16,aud-cardinal-pizza-published,Public food-only copy approved for static prototype only.,verified_static,false,Static prototype data. Deal availability is not live and must be confirmed against the listed evidence date.
rt-cardinal-burgers-public-review,deal,deal-the-cardinal-wednesday-5-burgers,deal-the-cardinal-wednesday-5-burgers,src-the-cardinal-primary,the-cardinal,cap-the-cardinal-2026-06-02-weekly-food-specials,,phase_1i_public_review,2026-06-02T14:25:00-04:00,codex_phase_1i,codex_phase_1i,Source-backed Cardinal Wednesday burger claim reviewed for static prototype public feed.,price_specific;dine_in_only;food_safe_copy_required;freshness_required;time_window_missing,high,closed,approved,Official source supports exact food-only Wednesday burger special and dine-in restriction.,2026-06-02T14:25:00-04:00,codex_phase_1i,recheck_source,2026-06-16,aud-cardinal-burgers-published,Public food-only copy approved for static prototype only.,verified_static,false,Static prototype data. Deal availability is not live and must be confirmed against the listed evidence date.
rt-kornerstone-mussels-public-review,deal,deal-kornerstone-bistro-tuesday-half-price-mussels,deal-kornerstone-bistro-tuesday-half-price-mussels,src-kornerstone-bistro-primary,kornerstone-bistro,cap-kornerstone-bistro-2026-06-02-weekly-food-specials,,phase_1i_public_review,2026-06-02T14:25:00-04:00,codex_phase_1i,codex_phase_1i,Source-backed Kornerstone Tuesday mussels claim reviewed for static prototype public feed.,discount_specific;food_safe_copy_required;freshness_required;time_window_missing;restrictions_incomplete,high,closed,approved,Official source supports food-only Tuesday mussels special; alcohol copy suppressed.,2026-06-02T14:25:00-04:00,codex_phase_1i,recheck_source,2026-06-16,aud-kornerstone-mussels-published,Public food-only copy approved for static prototype only.,verified_static,false,Static prototype data. Deal availability is not live and must be confirmed against the listed evidence date.
rt-caprice-mussel-mondays-public-review,deal,deal-caprice-bistro-monday-mussel-mondays,deal-caprice-bistro-monday-mussel-mondays,src-caprice-bistro-primary,caprice-bistro,cap-caprice-bistro-2026-06-02-expanded-specials,,phase_1j_public_review,2026-06-02T15:10:00-04:00,codex_phase_1j,codex_phase_1j,Source-backed candidate reviewed for static prototype public feed.,price_specific;time_window_missing;food_safe_copy_required;freshness_required;restrictions_incomplete,high,closed,approved,Official source supports exact food-only Monday mussel special; beer pairing copy suppressed.,2026-06-02T15:10:00-04:00,codex_phase_1j,recheck_source,2026-06-16,aud-caprice-mussel-mondays-published,Public food-only copy approved for static prototype only.,verified_static,false,Static prototype data. Deal availability is not live and must be confirmed against the listed evidence date.
rt-caprice-petit-plates-public-review,deal,deal-caprice-bistro-daily-7-petit-plates,deal-caprice-bistro-daily-7-petit-plates,src-caprice-bistro-primary,caprice-bistro,cap-caprice-bistro-2026-06-02-expanded-specials,,phase_1j_public_review,2026-06-02T15:10:00-04:00,codex_phase_1j,codex_phase_1j,Source-backed candidate reviewed for static prototype public feed.,price_specific;time_window;food_safe_copy_required;freshness_required;restrictions_incomplete,high,closed,approved,Official source supports exact food-only daily small-plate special and time window; alcohol copy suppressed.,2026-06-02T15:10:00-04:00,codex_phase_1j,recheck_source,2026-06-16,aud-caprice-petit-plates-published,Public food-only copy approved for static prototype only.,verified_static,false,Static prototype data. Deal availability is not live and must be confirmed against the listed evidence date.
rt-true-blue-appetizers-public-review,deal,deal-true-blue-butcher-table-fri-sat-half-priced-appetizers,deal-true-blue-butcher-table-fri-sat-half-priced-appetizers,src-true-blue-butcher-table-primary,true-blue-butcher-table,cap-true-blue-butcher-table-2026-06-02-half-priced-appetizers,,phase_1j_public_review,2026-06-02T15:10:00-04:00,codex_phase_1j,codex_phase_1j,Source-backed candidate reviewed for static prototype public feed.,discount_specific;time_window;food_safe_copy_required;freshness_required,high,closed,approved,Official source supports exact food-only appetizer discount and location restriction; alcohol copy suppressed.,2026-06-02T15:10:00-04:00,codex_phase_1j,recheck_source,2026-06-16,aud-true-blue-appetizers-published,Public food-only copy approved for static prototype only.,verified_static,false,Static prototype data. Deal availability is not live and must be confirmed against the listed evidence date.
rt-za-pie-one-stop-public-review,deal,deal-za-pie-pizzeria-daily-one-stop-special,deal-za-pie-pizzeria-daily-one-stop-special,src-za-pie-pizzeria-primary,za-pie-pizzeria,cap-za-pie-pizzeria-2026-06-02-menu-specials,,phase_1j_public_review,2026-06-02T15:10:00-04:00,codex_phase_1j,codex_phase_1j,Source-backed candidate reviewed for static prototype public feed.,price_specific;time_window_missing;food_safe_copy_required;freshness_required,high,closed,approved,Official source supports exact food-only pizza special and pickup restriction.,2026-06-02T15:10:00-04:00,codex_phase_1j,recheck_source,2026-06-16,aud-za-pie-one-stop-published,Public food-only copy approved for static prototype only.,verified_static,false,Static prototype data. Deal availability is not live and must be confirmed against the listed evidence date.
rt-za-pie-dinner-for-two-public-review,deal,deal-za-pie-pizzeria-daily-dinner-for-two,deal-za-pie-pizzeria-daily-dinner-for-two,src-za-pie-pizzeria-primary,za-pie-pizzeria,cap-za-pie-pizzeria-2026-06-02-menu-specials,,phase_1j_public_review,2026-06-02T15:10:00-04:00,codex_phase_1j,codex_phase_1j,Source-backed candidate reviewed for static prototype public feed.,price_specific;time_window_missing;food_safe_copy_required;freshness_required,high,closed,approved,Official source supports exact food-only pizza-and-salad combo.,2026-06-02T15:10:00-04:00,codex_phase_1j,recheck_source,2026-06-16,aud-za-pie-dinner-for-two-published,Public food-only copy approved for static prototype only.,verified_static,false,Static prototype data. Deal availability is not live and must be confirmed against the listed evidence date.
rt-block-taco-mon-tue-public-review,deal,deal-block-taco-mon-tue-10-tacos-chips-salsa,deal-block-taco-mon-tue-10-tacos-chips-salsa,src-block-taco-primary,block-taco,cap-block-taco-2026-06-02-current-specials,,phase_1j_public_review,2026-06-02T15:10:00-04:00,codex_phase_1j,codex_phase_1j,Source-backed candidate reviewed for static prototype public feed.,price_specific;time_window;food_safe_copy_required;freshness_required;restrictions_incomplete,high,closed,approved,Official source supports exact food-only taco combo and time window.,2026-06-02T15:10:00-04:00,codex_phase_1j,recheck_source,2026-06-16,aud-block-taco-mon-tue-published,Public food-only copy approved for static prototype only.,verified_static,false,Static prototype data. Deal availability is not live and must be confirmed against the listed evidence date.
rt-block-taco-brunch-public-review,deal,deal-block-taco-fri-sun-20-brunch-special,deal-block-taco-fri-sun-20-brunch-special,src-block-taco-primary,block-taco,cap-block-taco-2026-06-02-current-specials,,phase_1j_public_review,2026-06-02T15:10:00-04:00,codex_phase_1j,codex_phase_1j,Source-backed candidate reviewed for static prototype public feed.,price_specific;time_window;food_safe_copy_required;freshness_required;restrictions_incomplete,high,closed,approved,Official source supports exact food-only brunch combo and time window.,2026-06-02T15:10:00-04:00,codex_phase_1j,recheck_source,2026-06-16,aud-block-taco-brunch-published,Public food-only copy approved for static prototype only.,verified_static,false,Static prototype data. Deal availability is not live and must be confirmed against the listed evidence date.
rt-hells-kitchen-caesar-wrap-public-review,deal,deal-hells-kitchen-monday-caesar-wrap,deal-hells-kitchen-monday-caesar-wrap,src-hells-kitchen-primary,hells-kitchen,cap-hells-kitchen-2026-06-02-expanded-lunch-specials,,phase_1j_public_review,2026-06-02T15:10:00-04:00,codex_phase_1j,codex_phase_1j,Source-backed candidate reviewed for static prototype public feed.,price_specific;time_window;food_safe_copy_required;freshness_required;restrictions_incomplete,high,closed,approved,Official source supports exact food-only Monday lunch special and time window; drink copy suppressed.,2026-06-02T15:10:00-04:00,codex_phase_1j,recheck_source,2026-06-16,aud-hells-kitchen-caesar-wrap-published,Public food-only copy approved for static prototype only.,verified_static,false,Static prototype data. Deal availability is not live and must be confirmed against the listed evidence date.
rt-hells-kitchen-classic-burger-public-review,deal,deal-hells-kitchen-wednesday-classic-hk-burger,deal-hells-kitchen-wednesday-classic-hk-burger,src-hells-kitchen-primary,hells-kitchen,cap-hells-kitchen-2026-06-02-expanded-lunch-specials,,phase_1j_public_review,2026-06-02T15:10:00-04:00,codex_phase_1j,codex_phase_1j,Source-backed candidate reviewed for static prototype public feed.,price_specific;time_window;food_safe_copy_required;freshness_required;restrictions_incomplete,high,closed,approved,Official source supports exact food-only Wednesday lunch special and time window; drink copy suppressed.,2026-06-02T15:10:00-04:00,codex_phase_1j,recheck_source,2026-06-16,aud-hells-kitchen-classic-burger-published,Public food-only copy approved for static prototype only.,verified_static,false,Static prototype data. Deal availability is not live and must be confirmed against the listed evidence date.
rt-hells-kitchen-nashville-chicken-public-review,deal,deal-hells-kitchen-thursday-nashville-hot-chicken,deal-hells-kitchen-thursday-nashville-hot-chicken,src-hells-kitchen-primary,hells-kitchen,cap-hells-kitchen-2026-06-02-expanded-lunch-specials,,phase_1j_public_review,2026-06-02T15:10:00-04:00,codex_phase_1j,codex_phase_1j,Source-backed candidate reviewed for static prototype public feed.,price_specific;time_window;food_safe_copy_required;freshness_required;restrictions_incomplete,high,closed,approved,Official source supports exact food-only Thursday lunch special and time window; drink copy suppressed.,2026-06-02T15:10:00-04:00,codex_phase_1j,recheck_source,2026-06-16,aud-hells-kitchen-nashville-chicken-published,Public food-only copy approved for static prototype only.,verified_static,false,Static prototype data. Deal availability is not live and must be confirmed against the listed evidence date.
rt-hells-kitchen-friday-wings-public-review,deal,deal-hells-kitchen-friday-wing-lunch,deal-hells-kitchen-friday-wing-lunch,src-hells-kitchen-primary,hells-kitchen,cap-hells-kitchen-2026-06-02-expanded-lunch-specials,,phase_1j_public_review,2026-06-02T15:10:00-04:00,codex_phase_1j,codex_phase_1j,Source-backed candidate reviewed for static prototype public feed.,price_specific;time_window;food_safe_copy_required;freshness_required;restrictions_incomplete,high,closed,approved,Official source supports exact food-only Friday lunch special and time window; drink copy suppressed.,2026-06-02T15:10:00-04:00,codex_phase_1j,recheck_source,2026-06-16,aud-hells-kitchen-friday-wings-published,Public food-only copy approved for static prototype only.,verified_static,false,Static prototype data. Deal availability is not live and must be confirmed against the listed evidence date.
rt-tacobaby-lunch-public-review,deal,deal-tacobaby-daily-11-lunch-special,deal-tacobaby-daily-11-lunch-special,src-tacobaby-primary,tacobaby,cap-tacobaby-2026-06-02-lunch-special,,phase_1j_public_review,2026-06-02T15:10:00-04:00,codex_phase_1j,codex_phase_1j,Source-backed candidate reviewed for static prototype public feed.,price_specific;time_window;food_safe_copy_required;freshness_required;restrictions_incomplete,high,closed,approved,Official source supports exact food/non-alcohol lunch special and time window.,2026-06-02T15:10:00-04:00,codex_phase_1j,recheck_source,2026-06-16,aud-tacobaby-lunch-published,Public food-only copy approved for static prototype only.,verified_static,false,Static prototype data. Deal availability is not live and must be confirmed against the listed evidence date.
rt-islands-before-5-tacos-public-review,deal,deal-islands-fresh-mex-monkey-junction-daily-before-5-tacos,deal-islands-fresh-mex-monkey-junction-daily-before-5-tacos,src-islands-fresh-mex-monkey-junction-menu,islands-fresh-mex-monkey-junction,cap-islands-fresh-mex-monkey-junction-2026-06-02-taco-specials,,phase_1k_public_review,2026-06-02T16:05:00-04:00,codex_phase_1k,codex_phase_1k,Source-backed candidate reviewed for static prototype public feed.,price_specific;time_window;food_safe_copy_required;freshness_required;drink_purchase_required;restrictions_incomplete,high,closed,approved,Official source supports exact food-only taco special; alcohol examples suppressed.,2026-06-02T16:05:00-04:00,codex_phase_1k,recheck_source,2026-06-16,aud-islands-before-5-tacos-published,Public food-only copy approved for static prototype only.,verified_static,false,Static prototype data. Deal availability is not live and must be confirmed against the listed evidence date.
rt-islands-after-5-tacos-public-review,deal,deal-islands-fresh-mex-monkey-junction-daily-after-5-tacos,deal-islands-fresh-mex-monkey-junction-daily-after-5-tacos,src-islands-fresh-mex-monkey-junction-menu,islands-fresh-mex-monkey-junction,cap-islands-fresh-mex-monkey-junction-2026-06-02-taco-specials,,phase_1k_public_review,2026-06-02T16:05:00-04:00,codex_phase_1k,codex_phase_1k,Source-backed candidate reviewed for static prototype public feed.,price_specific;time_window;food_safe_copy_required;freshness_required;end_time_missing;drink_purchase_required;restrictions_incomplete,high,closed,approved,Official source supports exact food-only taco special; alcohol examples suppressed.,2026-06-02T16:05:00-04:00,codex_phase_1k,recheck_source,2026-06-16,aud-islands-after-5-tacos-published,Public food-only copy approved for static prototype only.,verified_static,false,Static prototype data. Deal availability is not live and must be confirmed against the listed evidence date.
rt-italian-bistro-large-pizza-public-review,deal,deal-italian-bistro-monkey-junction-monday-large-pizza-special,deal-italian-bistro-monkey-junction-monday-large-pizza-special,src-italian-bistro-monkey-junction-specials,italian-bistro-monkey-junction,cap-italian-bistro-monkey-junction-2026-06-02-pizza-specials,,phase_1k_public_review,2026-06-02T16:05:00-04:00,codex_phase_1k,codex_phase_1k,Source-backed candidate reviewed for static prototype public feed.,price_specific;time_window_missing;food_safe_copy_required;freshness_required;time_window_missing;restrictions_incomplete,high,closed,approved,Official source supports exact food-only Monday pizza special.,2026-06-02T16:05:00-04:00,codex_phase_1k,recheck_source,2026-06-16,aud-italian-bistro-large-pizza-published,Public food-only copy approved for static prototype only.,verified_static,false,Static prototype data. Deal availability is not live and must be confirmed against the listed evidence date.
rt-italian-bistro-medium-pizza-public-review,deal,deal-italian-bistro-monkey-junction-wednesday-medium-pizza-special,deal-italian-bistro-monkey-junction-wednesday-medium-pizza-special,src-italian-bistro-monkey-junction-specials,italian-bistro-monkey-junction,cap-italian-bistro-monkey-junction-2026-06-02-pizza-specials,,phase_1k_public_review,2026-06-02T16:05:00-04:00,codex_phase_1k,codex_phase_1k,Source-backed candidate reviewed for static prototype public feed.,price_specific;time_window_missing;food_safe_copy_required;freshness_required;time_window_missing;restrictions_incomplete,high,closed,approved,Official source supports exact food-only Wednesday pizza special.,2026-06-02T16:05:00-04:00,codex_phase_1k,recheck_source,2026-06-16,aud-italian-bistro-medium-pizza-published,Public food-only copy approved for static prototype only.,verified_static,false,Static prototype data. Deal availability is not live and must be confirmed against the listed evidence date.
rt-k38-monday-5-food-public-review,deal,deal-k38-independence-monday-5-food-specials,deal-k38-independence-monday-5-food-specials,src-k38-independence-specials,k38-independence,cap-k38-independence-2026-06-02-food-specials,,phase_1k_public_review,2026-06-02T16:05:00-04:00,codex_phase_1k,codex_phase_1k,Source-backed candidate reviewed for static prototype public feed.,price_specific;time_window;food_safe_copy_required;freshness_required;end_time_missing,high,closed,approved,Official source supports exact food-only Monday special and dine-in restriction; alcohol copy suppressed.,2026-06-02T16:05:00-04:00,codex_phase_1k,recheck_source,2026-06-16,aud-k38-monday-5-food-published,Public food-only copy approved for static prototype only.,verified_static,false,Static prototype data. Deal availability is not live and must be confirmed against the listed evidence date.
rt-k38-wednesday-quesadilla-public-review,deal,deal-k38-independence-wednesday-half-off-de-la-casa-quesadilla,deal-k38-independence-wednesday-half-off-de-la-casa-quesadilla,src-k38-independence-specials,k38-independence,cap-k38-independence-2026-06-02-food-specials,,phase_1k_public_review,2026-06-02T16:05:00-04:00,codex_phase_1k,codex_phase_1k,Source-backed candidate reviewed for static prototype public feed.,discount_specific;time_window;food_safe_copy_required;freshness_required;end_time_missing,high,closed,approved,Official source supports food-only Wednesday quesadilla discount and dine-in restriction; alcohol copy suppressed.,2026-06-02T16:05:00-04:00,codex_phase_1k,recheck_source,2026-06-16,aud-k38-wednesday-quesadilla-published,Public food-only copy approved for static prototype only.,verified_static,false,Static prototype data. Deal availability is not live and must be confirmed against the listed evidence date.
rt-true-blue-barrel-smash-burgers-public-review,deal,deal-true-blue-butcher-barrel-wednesday-7-smash-burgers,deal-true-blue-butcher-barrel-wednesday-7-smash-burgers,src-true-blue-butcher-barrel-primary,true-blue-butcher-barrel,cap-true-blue-butcher-barrel-2026-06-02-weekly-deals,,phase_1l_public_review,2026-06-02T16:35:00-04:00,codex_phase_1l,codex_phase_1l,Source-backed candidate reviewed for static prototype public feed.,price_specific;time_window;food_safe_copy_required;freshness_required;restrictions_incomplete,high,closed,approved,Official source supports exact food-only Wednesday burger special; alcohol copy suppressed.,2026-06-02T16:35:00-04:00,codex_phase_1l,recheck_source,2026-06-16,aud-true-blue-barrel-smash-burgers-published,Public food-only copy approved for static prototype only.,verified_static,false,Static prototype data. Deal availability is not live and must be confirmed against the listed evidence date.
rt-true-blue-barrel-oysters-public-review,deal,deal-true-blue-butcher-barrel-thursday-1-raw-oysters,deal-true-blue-butcher-barrel-thursday-1-raw-oysters,src-true-blue-butcher-barrel-primary,true-blue-butcher-barrel,cap-true-blue-butcher-barrel-2026-06-02-weekly-deals,,phase_1l_public_review,2026-06-02T16:35:00-04:00,codex_phase_1l,codex_phase_1l,Source-backed candidate reviewed for static prototype public feed.,price_specific;time_window;food_safe_copy_required;freshness_required;end_time_missing,high,closed,approved,Official source supports exact food-only Thursday oyster special with min/max limits; alcohol copy suppressed.,2026-06-02T16:35:00-04:00,codex_phase_1l,recheck_source,2026-06-16,aud-true-blue-barrel-oysters-published,Public food-only copy approved for static prototype only.,verified_static,false,Static prototype data. Deal availability is not live and must be confirmed against the listed evidence date.
rt-true-blue-barrel-bar-snacks-public-review,deal,deal-true-blue-butcher-barrel-friday-saturday-5-bar-snacks,deal-true-blue-butcher-barrel-friday-saturday-5-bar-snacks,src-true-blue-butcher-barrel-primary,true-blue-butcher-barrel,cap-true-blue-butcher-barrel-2026-06-02-weekly-deals,,phase_1l_public_review,2026-06-02T16:35:00-04:00,codex_phase_1l,codex_phase_1l,Source-backed candidate reviewed for static prototype public feed.,price_specific;time_window;select_items_only;food_safe_copy_required;freshness_required,high,closed,approved,Official source supports food-only Friday/Saturday select bar snack special; alcohol copy suppressed.,2026-06-02T16:35:00-04:00,codex_phase_1l,recheck_source,2026-06-16,aud-true-blue-barrel-bar-snacks-published,Public food-only copy approved for static prototype only.,verified_static,false,Static prototype data. Deal availability is not live and must be confirmed against the listed evidence date.
rt-coquina-friday-apps-public-review,deal,deal-coquina-fishbar-friday-half-priced-apps,deal-coquina-fishbar-friday-half-priced-apps,src-coquina-fishbar-primary,coquina-fishbar,cap-coquina-fishbar-2026-06-02-friday-apps,,phase_1l_public_review,2026-06-02T16:35:00-04:00,codex_phase_1l,codex_phase_1l,Source-backed candidate reviewed for static prototype public feed.,discount_specific;time_window;bar_patio_only;food_safe_copy_required;freshness_required,high,closed,approved,Official source supports food-only Friday appetizer special; drink-special framing suppressed.,2026-06-02T16:35:00-04:00,codex_phase_1l,recheck_source,2026-06-16,aud-coquina-friday-apps-published,Public food-only copy approved for static prototype only.,verified_static,false,Static prototype data. Deal availability is not live and must be confirmed against the listed evidence date.
rt-rebellion-nc-burgers-public-review,deal,deal-rebellion-nc-monday-half-price-burgers,deal-rebellion-nc-monday-half-price-burgers,src-rebellion-nc-daily-features,rebellion-nc,cap-rebellion-nc-2026-06-02-daily-features,,phase_1n_public_review,2026-06-02T17:35:00-04:00,codex_phase_1n,codex_phase_1n,Source-backed candidate reviewed for static prototype public feed.,image_source;food_safe_copy_required;alcohol_suppression;holiday_exclusion;freshness_required,high,closed,approved,Official source supports food-only Monday half price burgers; alcohol copy suppressed.,2026-06-02T17:35:00-04:00,codex_phase_1n,recheck_source,2026-06-16,aud-rebellion-nc-burgers-published,Public food-only copy approved for static prototype only.,verified_static,false,Static prototype data. Deal availability is not live and must be confirmed against the listed evidence date.
rt-rebellion-nc-communal-grub-public-review,deal,deal-rebellion-nc-tuesday-3-off-communal-grub,deal-rebellion-nc-tuesday-3-off-communal-grub,src-rebellion-nc-daily-features,rebellion-nc,cap-rebellion-nc-2026-06-02-daily-features,,phase_1n_public_review,2026-06-02T17:35:00-04:00,codex_phase_1n,codex_phase_1n,Source-backed candidate reviewed for static prototype public feed.,image_source;food_safe_copy_required;alcohol_suppression;eligible_items_not_enumerated;freshness_required,high,closed,approved,Official source supports food-only Tuesday communal grub discount; alcohol copy suppressed.,2026-06-02T17:35:00-04:00,codex_phase_1n,recheck_source,2026-06-16,aud-rebellion-nc-communal-grub-published,Public food-only copy approved for static prototype only.,verified_static,false,Static prototype data. Deal availability is not live and must be confirmed against the listed evidence date.
rt-rebellion-nc-wings-public-review,deal,deal-rebellion-nc-wednesday-10-wings,deal-rebellion-nc-wednesday-10-wings,src-rebellion-nc-daily-features,rebellion-nc,cap-rebellion-nc-2026-06-02-daily-features,,phase_1n_public_review,2026-06-02T17:35:00-04:00,codex_phase_1n,codex_phase_1n,Source-backed candidate reviewed for static prototype public feed.,image_source;food_safe_copy_required;alcohol_suppression;wing_quantity_not_enumerated;freshness_required,high,closed,approved,Official source supports food-only Wednesday wings special; alcohol copy suppressed.,2026-06-02T17:35:00-04:00,codex_phase_1n,recheck_source,2026-06-16,aud-rebellion-nc-wings-published,Public food-only copy approved for static prototype only.,verified_static,false,Static prototype data. Deal availability is not live and must be confirmed against the listed evidence date.
rt-beer-barrio-pork-tacos-public-review,deal,deal-beer-barrio-tuesday-pork-tacos,deal-beer-barrio-tuesday-pork-tacos,src-beer-barrio-specials,beer-barrio,cap-beer-barrio-2026-06-02-specials,,phase_1o_public_review,2026-06-02T18:10:00-04:00,codex_phase_1o,codex_phase_1o,Source-backed candidate reviewed for static prototype public feed.,specials_page;food_safe_copy_required;alcohol_suppression;taco_count_not_specified;freshness_required,high,closed,approved,Official source supports exact food-only Tuesday pork taco special; alcohol copy suppressed.,2026-06-02T18:10:00-04:00,codex_phase_1o,recheck_source,2026-06-09,aud-beer-barrio-pork-tacos-published,Public food-only copy approved for static prototype only.,verified_static,false,Static prototype data. Deal availability is not live and must be confirmed against the listed evidence date.
rt-shuckin-shack-raw-oysters-public-review,deal,deal-shuckin-shack-wilmington-raw-oysters,deal-shuckin-shack-wilmington-raw-oysters,src-shuckin-shack-wilmington-oysters-wings-happy-hour,shuckin-shack-wilmington,cap-shuckin-shack-wilmington-2026-06-02-oysters-wings,,phase_1o_public_review,2026-06-02T18:10:00-04:00,codex_phase_1o,codex_phase_1o,Source-backed candidate reviewed for static prototype public feed.,event_page;price_specific;time_window;wilmington_only;freshness_required,high,closed,approved,Official source supports exact raw oyster special and Wilmington-only restriction.,2026-06-02T18:10:00-04:00,codex_phase_1o,recheck_source,2026-06-16,aud-shuckin-shack-raw-oysters-published,Public food-only copy approved for static prototype only.,verified_static,false,Static prototype data. Deal availability is not live and must be confirmed against the listed evidence date.
rt-shuckin-shack-chargrilled-oysters-public-review,deal,deal-shuckin-shack-wilmington-chargrilled-oysters,deal-shuckin-shack-wilmington-chargrilled-oysters,src-shuckin-shack-wilmington-oysters-wings-happy-hour,shuckin-shack-wilmington,cap-shuckin-shack-wilmington-2026-06-02-oysters-wings,,phase_1o_public_review,2026-06-02T18:10:00-04:00,codex_phase_1o,codex_phase_1o,Source-backed candidate reviewed for static prototype public feed.,event_page;price_specific;time_window;wilmington_only;freshness_required,high,closed,approved,Official source supports exact chargrilled oyster special and Wilmington-only restriction.,2026-06-02T18:10:00-04:00,codex_phase_1o,recheck_source,2026-06-16,aud-shuckin-shack-chargrilled-oysters-published,Public food-only copy approved for static prototype only.,verified_static,false,Static prototype data. Deal availability is not live and must be confirmed against the listed evidence date.
rt-shuckin-shack-whole-wings-public-review,deal,deal-shuckin-shack-wilmington-whole-wings,deal-shuckin-shack-wilmington-whole-wings,src-shuckin-shack-wilmington-oysters-wings-happy-hour,shuckin-shack-wilmington,cap-shuckin-shack-wilmington-2026-06-02-oysters-wings,,phase_1o_public_review,2026-06-02T18:10:00-04:00,codex_phase_1o,codex_phase_1o,Source-backed candidate reviewed for static prototype public feed.,event_page;price_specific;time_window;wilmington_only;freshness_required,high,closed,approved,Official source supports exact whole-wing special and Wilmington-only restriction.,2026-06-02T18:10:00-04:00,codex_phase_1o,recheck_source,2026-06-16,aud-shuckin-shack-whole-wings-published,Public food-only copy approved for static prototype only.,verified_static,false,Static prototype data. Deal availability is not live and must be confirmed against the listed evidence date.
rt-katys-grill-bar-biscuits-gravy-public-review,deal,deal-katys-grill-bar-monday-biscuits-gravy,deal-katys-grill-bar-monday-biscuits-gravy,src-katys-grill-bar-weekly-specials,katys-grill-bar,cap-katys-grill-bar-2026-06-02-breakfast-specials,,source_review,2026-06-02T19:05:00-04:00,codex_phase_1p,codex_phase_1p,Review official weekly-specials breakfast row for static prototype publication.,no_other_restrictions_listed,normal,closed,approved,Official weekly specials page supports exact food-only breakfast row; no public alcohol copy.,2026-06-02T19:05:00-04:00,codex_phase_1p,Recheck official weekly specials page.,2026-06-16,aud-katys-grill-bar-biscuits-gravy-published,Approved for static prototype public feed with source evidence and freshness metadata.,verified_static,false,Static prototype data. Deal availability is not live and must be confirmed against the listed evidence date.
rt-katys-grill-bar-breakfast-bowl-public-review,deal,deal-katys-grill-bar-wednesday-breakfast-bowl,deal-katys-grill-bar-wednesday-breakfast-bowl,src-katys-grill-bar-weekly-specials,katys-grill-bar,cap-katys-grill-bar-2026-06-02-breakfast-specials,,source_review,2026-06-02T19:05:00-04:00,codex_phase_1p,codex_phase_1p,Review official weekly-specials breakfast row for static prototype publication.,no_other_restrictions_listed,normal,closed,approved,Official weekly specials page supports exact food-only breakfast row; no public alcohol copy.,2026-06-02T19:05:00-04:00,codex_phase_1p,Recheck official weekly specials page.,2026-06-16,aud-katys-grill-bar-breakfast-bowl-published,Approved for static prototype public feed with source evidence and freshness metadata.,verified_static,false,Static prototype data. Deal availability is not live and must be confirmed against the listed evidence date.
rt-katys-grill-bar-french-toast-bacon-public-review,deal,deal-katys-grill-bar-thursday-french-toast-bacon,deal-katys-grill-bar-thursday-french-toast-bacon,src-katys-grill-bar-weekly-specials,katys-grill-bar,cap-katys-grill-bar-2026-06-02-breakfast-specials,,source_review,2026-06-02T19:05:00-04:00,codex_phase_1p,codex_phase_1p,Review official weekly-specials breakfast row for static prototype publication.,food_only_copy_required,normal,closed,approved,Official weekly specials page supports exact food-only breakfast row; no public alcohol copy.,2026-06-02T19:05:00-04:00,codex_phase_1p,Recheck official weekly specials page.,2026-06-16,aud-katys-grill-bar-french-toast-bacon-published,Approved for static prototype public feed with source evidence and freshness metadata.,verified_static,false,Static prototype data. Deal availability is not live and must be confirmed against the listed evidence date.
rt-cape-fear-seafood-monkey-junction-daily-lunch-specials-under-15-public-review,deal,deal-cape-fear-seafood-monkey-junction-daily-lunch-specials-under-15,deal-cape-fear-seafood-monkey-junction-daily-lunch-specials-under-15,src-cape-fear-seafood-monkey-junction-primary,cape-fear-seafood-monkey-junction,cap-cape-fear-seafood-monkey-junction-2026-06-02,,phase_1q_public_review,2026-06-02T23:35:00-04:00,codex_phase_1q,codex_phase_1q,Source-backed nearby candidate reviewed for static prototype public feed.,item_level_prices_not_captured,high,closed,approved,Official source supports food-only public copy; alcohol/drink language suppressed where present.,2026-06-02T23:35:00-04:00,codex_phase_1q,recheck_source,2026-06-16,aud-cape-fear-seafood-monkey-junction-daily-lunch-specials-under-15-published,Public food-only copy approved for static prototype only.,verified_static,false,Static prototype data. Deal availability is not live and must be confirmed against the listed evidence date.
rt-blue-surf-cafe-tuesday-2-for-20-sandwiches-public-review,deal,deal-blue-surf-cafe-tuesday-2-for-20-sandwiches,deal-blue-surf-cafe-tuesday-2-for-20-sandwiches,src-blue-surf-cafe-primary,blue-surf-cafe,cap-blue-surf-cafe-2026-06-02,,phase_1q_public_review,2026-06-02T23:35:00-04:00,codex_phase_1q,codex_phase_1q,Source-backed nearby candidate reviewed for static prototype public feed.,drink_copy_suppressed,high,closed,approved,Official source supports food-only public copy; alcohol/drink language suppressed where present.,2026-06-02T23:35:00-04:00,codex_phase_1q,recheck_source,2026-06-16,aud-blue-surf-cafe-tuesday-2-for-20-sandwiches-published,Public food-only copy approved for static prototype only.,verified_static,false,Static prototype data. Deal availability is not live and must be confirmed against the listed evidence date.
rt-blue-surf-cafe-wednesday-5-kids-menu-items-public-review,deal,deal-blue-surf-cafe-wednesday-5-kids-menu-items,deal-blue-surf-cafe-wednesday-5-kids-menu-items,src-blue-surf-cafe-primary,blue-surf-cafe,cap-blue-surf-cafe-2026-06-02,,phase_1q_public_review,2026-06-02T23:35:00-04:00,codex_phase_1q,codex_phase_1q,Source-backed nearby candidate reviewed for static prototype public feed.,drink_copy_suppressed,high,closed,approved,Official source supports food-only public copy; alcohol/drink language suppressed where present.,2026-06-02T23:35:00-04:00,codex_phase_1q,recheck_source,2026-06-16,aud-blue-surf-cafe-wednesday-5-kids-menu-items-published,Public food-only copy approved for static prototype only.,verified_static,false,Static prototype data. Deal availability is not live and must be confirmed against the listed evidence date.
rt-blue-surf-cafe-thursday-2-off-flatbreads-public-review,deal,deal-blue-surf-cafe-thursday-2-off-flatbreads,deal-blue-surf-cafe-thursday-2-off-flatbreads,src-blue-surf-cafe-primary,blue-surf-cafe,cap-blue-surf-cafe-2026-06-02,,phase_1q_public_review,2026-06-02T23:35:00-04:00,codex_phase_1q,codex_phase_1q,Source-backed nearby candidate reviewed for static prototype public feed.,drink_copy_suppressed;price_base_not_captured,high,closed,approved,Official source supports food-only public copy; alcohol/drink language suppressed where present.,2026-06-02T23:35:00-04:00,codex_phase_1q,recheck_source,2026-06-16,aud-blue-surf-cafe-thursday-2-off-flatbreads-published,Public food-only copy approved for static prototype only.,verified_static,false,Static prototype data. Deal availability is not live and must be confirmed against the listed evidence date.
rt-blue-surf-cafe-friday-2-off-entrees-public-review,deal,deal-blue-surf-cafe-friday-2-off-entrees,deal-blue-surf-cafe-friday-2-off-entrees,src-blue-surf-cafe-primary,blue-surf-cafe,cap-blue-surf-cafe-2026-06-02,,phase_1q_public_review,2026-06-02T23:35:00-04:00,codex_phase_1q,codex_phase_1q,Source-backed nearby candidate reviewed for static prototype public feed.,drink_copy_suppressed;price_base_not_captured,high,closed,approved,Official source supports food-only public copy; alcohol/drink language suppressed where present.,2026-06-02T23:35:00-04:00,codex_phase_1q,recheck_source,2026-06-16,aud-blue-surf-cafe-friday-2-off-entrees-published,Public food-only copy approved for static prototype only.,verified_static,false,Static prototype data. Deal availability is not live and must be confirmed against the listed evidence date.
rt-whiskey-trail-wednesday-10-wings-for-10-public-review,deal,deal-whiskey-trail-wednesday-10-wings-for-10,deal-whiskey-trail-wednesday-10-wings-for-10,src-whiskey-trail-primary,whiskey-trail,cap-whiskey-trail-2026-06-02,,phase_1q_public_review,2026-06-02T23:35:00-04:00,codex_phase_1q,codex_phase_1q,Source-backed nearby candidate reviewed for static prototype public feed.,time_window_missing,high,closed,approved,Official source supports food-only public copy; alcohol/drink language suppressed where present.,2026-06-02T23:35:00-04:00,codex_phase_1q,recheck_source,2026-06-16,aud-whiskey-trail-wednesday-10-wings-for-10-published,Public food-only copy approved for static prototype only.,verified_static,false,Static prototype data. Deal availability is not live and must be confirmed against the listed evidence date.
rt-whiskey-trail-thursday-3-off-burgers-public-review,deal,deal-whiskey-trail-thursday-3-off-burgers,deal-whiskey-trail-thursday-3-off-burgers,src-whiskey-trail-primary,whiskey-trail,cap-whiskey-trail-2026-06-02,,phase_1q_public_review,2026-06-02T23:35:00-04:00,codex_phase_1q,codex_phase_1q,Source-backed nearby candidate reviewed for static prototype public feed.,time_window_missing;price_base_not_captured,high,closed,approved,Official source supports food-only public copy; alcohol/drink language suppressed where present.,2026-06-02T23:35:00-04:00,codex_phase_1q,recheck_source,2026-06-16,aud-whiskey-trail-thursday-3-off-burgers-published,Public food-only copy approved for static prototype only.,verified_static,false,Static prototype data. Deal availability is not live and must be confirmed against the listed evidence date.
rt-k38-oleander-monday-everything-5-public-review,deal,deal-k38-oleander-monday-everything-5,deal-k38-oleander-monday-everything-5,src-k38-oleander-primary,k38-oleander,cap-k38-oleander-2026-06-02,,phase_1q_public_review,2026-06-02T23:35:00-04:00,codex_phase_1q,codex_phase_1q,Source-backed nearby candidate reviewed for static prototype public feed.,exact_end_time_missing,high,closed,approved,Official source supports food-only public copy; alcohol/drink language suppressed where present.,2026-06-02T23:35:00-04:00,codex_phase_1q,recheck_source,2026-06-16,aud-k38-oleander-monday-everything-5-published,Public food-only copy approved for static prototype only.,verified_static,false,Static prototype data. Deal availability is not live and must be confirmed against the listed evidence date.
rt-k38-oleander-wednesday-half-off-quesadilla-public-review,deal,deal-k38-oleander-wednesday-half-off-quesadilla,deal-k38-oleander-wednesday-half-off-quesadilla,src-k38-oleander-primary,k38-oleander,cap-k38-oleander-2026-06-02,,phase_1q_public_review,2026-06-02T23:35:00-04:00,codex_phase_1q,codex_phase_1q,Source-backed nearby candidate reviewed for static prototype public feed.,exact_end_time_missing;price_base_not_captured,high,closed,approved,Official source supports food-only public copy; alcohol/drink language suppressed where present.,2026-06-02T23:35:00-04:00,codex_phase_1q,recheck_source,2026-06-16,aud-k38-oleander-wednesday-half-off-quesadilla-published,Public food-only copy approved for static prototype only.,verified_static,false,Static prototype data. Deal availability is not live and must be confirmed against the listed evidence date.
rt-sp-bella-cucina-weekly-lunch-specials,deal_candidate,cand-sp-bella-cucina-weekly-lunch-specials,deal-sp-bella-cucina-weekly-lunch-specials,src-sp-bella-cucina-weekly-lunch-specials,bella-cucina,cap-sp-bella-cucina-weekly-lunch-specials-2026-06-03,,southport_intake_human_review,2026-06-03T15:00:00-04:00,user_southport_intake,user_human_review_2026-06-03,official_source_captured_southport_prototype,,high,closed,approved,Human reviewer verified official source evidence and approved for Southport static prototype.,2026-06-03T18:00:00-04:00,user_human_review_2026-06-03,recheck_source,2026-06-17,aud-rt-sp-bella-cucina-weekly-lunch-specials,Promoted to Southport static prototype fixtures after human review.,verified_static,false,Static prototype data. Deal availability is not live and must be confirmed against the listed evidence date.
rt-sp-provision-company-lunch-special,deal_candidate,cand-sp-provision-company-lunch-special,deal-sp-provision-company-lunch-special,src-sp-provision-company-lunch-special,provision-company,cap-sp-provision-company-lunch-special-2026-06-03,,southport_intake_human_review,2026-06-03T15:00:00-04:00,user_southport_intake,user_human_review_2026-06-03,official_source_captured_southport_prototype,,high,closed,approved,Human reviewer verified official source evidence and approved for Southport static prototype.,2026-06-03T18:00:00-04:00,user_human_review_2026-06-03,recheck_source,2026-06-17,aud-rt-sp-provision-company-lunch-special,Promoted to Southport static prototype fixtures after human review.,verified_static,false,Static prototype data. Deal availability is not live and must be confirmed against the listed evidence date.
rt-sp-asian-taste-lunch-special,deal_candidate,cand-sp-asian-taste-lunch-special,deal-sp-asian-taste-lunch-special,src-sp-asian-taste-lunch-special,asian-taste,cap-sp-asian-taste-lunch-special-2026-06-03,,southport_intake_human_review,2026-06-03T15:00:00-04:00,user_southport_intake,user_human_review_2026-06-03,official_source_captured_southport_prototype,,high,closed,approved,Human reviewer verified official source evidence and approved for Southport static prototype.,2026-06-03T18:00:00-04:00,user_human_review_2026-06-03,recheck_source,2026-06-17,aud-rt-sp-asian-taste-lunch-special,Promoted to Southport static prototype fixtures after human review.,verified_static,false,Static prototype data. Deal availability is not live and must be confirmed against the listed evidence date.
rt-sp-island-way-early-evening-dinner-menu,deal_candidate,cand-sp-island-way-early-evening-dinner-menu,deal-sp-island-way-early-evening-dinner-menu,src-sp-island-way-early-evening-dinner-menu,island-way,cap-sp-island-way-early-evening-dinner-menu-2026-06-03,,southport_intake_human_review,2026-06-03T15:00:00-04:00,user_southport_intake,user_human_review_2026-06-03,official_source_captured_southport_prototype,,high,closed,approved,Human reviewer verified official source evidence and approved for Southport static prototype.,2026-06-03T18:00:00-04:00,user_human_review_2026-06-03,recheck_source,2026-06-17,aud-rt-sp-island-way-early-evening-dinner-menu,Promoted to Southport static prototype fixtures after human review.,verified_static,false,Static prototype data. Deal availability is not live and must be confirmed against the listed evidence date.
rt-sp-frying-pan-restaurant-ayce-crab-legs,deal_candidate,cand-sp-frying-pan-restaurant-ayce-crab-legs,deal-sp-frying-pan-restaurant-ayce-crab-legs,src-sp-frying-pan-restaurant-ayce-crab-legs,frying-pan-restaurant,cap-sp-frying-pan-restaurant-ayce-crab-legs-2026-06-03,,southport_intake_human_review,2026-06-03T15:00:00-04:00,user_southport_intake,user_human_review_2026-06-03,official_source_captured_southport_prototype,,high,closed,approved,Human reviewer verified official source evidence and approved for Southport static prototype.,2026-06-03T18:00:00-04:00,user_human_review_2026-06-03,recheck_source,2026-06-17,aud-rt-sp-frying-pan-restaurant-ayce-crab-legs,Promoted to Southport static prototype fixtures after human review.,verified_static,false,Static prototype data. Deal availability is not live and must be confirmed against the listed evidence date.
rt-sp-san-felipe-lunch-special-combos,deal_candidate,cand-sp-san-felipe-lunch-special-combos,deal-sp-san-felipe-lunch-special-combos,src-sp-san-felipe-lunch-special-combos,san-felipe-mexican-restaurant,cap-sp-san-felipe-lunch-special-combos-2026-06-03,,southport_intake_agent_verified,2026-06-03T15:00:00-04:00,user_southport_intake,user_human_review_2026-06-03,agent_verified_pdf_human_approval,multi_location_risk;pdf_menu_q2_2026,high,closed,approved,Agent verified PDF accessible Mon-Fri 11:00-15:00 $9.99 combos; human reviewer approved.,2026-06-03T19:00:00-04:00,user_human_review_2026-06-03,recheck_source,2026-07-01,aud-rt-sp-san-felipe-lunch-special-combos,Promoted to Southport static prototype after agent verification and human sign-off.,verified_static,false,Static prototype data. Deal availability is not live and must be confirmed against the listed evidence date.
rt-cb-fentonis-lunch-special,deal_candidate,cand-cb-fentonis-lunch-special,deal-cb-fentonis-lunch-special,src-cb-fentonis-daily-specials,fentonis-pizza,cap-cb-fentonis-daily-specials-2026-06-03,,carolina_beach_intake_human_review,2026-06-03T15:00:00-04:00,user_cb_intake,user_human_review_2026-06-03,official_source_captured_carolina_beach_wilmington_scope,,high,closed,approved,Human reviewer verified; approved for Carolina Beach / Wilmington broad scope.,2026-06-03T20:00:00-04:00,user_human_review_2026-06-03,recheck_source,2026-06-17,aud-rt-cb-fentonis-lunch-special,Promoted to fixtures.,verified_static,false,Static prototype data. Deal availability is not live and must be confirmed against the listed evidence date.
rt-cb-k38-cinco-de-monday,deal_candidate,cand-cb-k38-cinco-de-monday,deal-cb-k38-cinco-de-monday,src-cb-k38-location,k38-baja-grill,cap-cb-k38-location-2026-06-03,,carolina_beach_intake_human_review,2026-06-03T15:00:00-04:00,user_cb_intake,user_human_review_2026-06-03,official_source_captured_carolina_beach_wilmington_scope,,high,closed,approved,Human reviewer verified; approved for Carolina Beach / Wilmington broad scope.,2026-06-03T20:00:00-04:00,user_human_review_2026-06-03,recheck_source,2026-06-17,aud-rt-cb-k38-cinco-de-monday,Promoted to fixtures.,verified_static,false,Static prototype data. Deal availability is not live and must be confirmed against the listed evidence date.
rt-cb-k38-quesadilla-wednesday,deal_candidate,cand-cb-k38-quesadilla-wednesday,deal-cb-k38-quesadilla-wednesday,src-cb-k38-location,k38-baja-grill,cap-cb-k38-location-2026-06-03,,carolina_beach_intake_human_review,2026-06-03T15:00:00-04:00,user_cb_intake,user_human_review_2026-06-03,official_source_captured_carolina_beach_wilmington_scope,,high,closed,approved,Human reviewer verified; approved for Carolina Beach / Wilmington broad scope.,2026-06-03T20:00:00-04:00,user_human_review_2026-06-03,recheck_source,2026-06-17,aud-rt-cb-k38-quesadilla-wednesday,Promoted to fixtures.,verified_static,false,Static prototype data. Deal availability is not live and must be confirmed against the listed evidence date.
rt-cb-hoplite-sunday-brunch,deal_candidate,cand-cb-hoplite-sunday-brunch,deal-cb-hoplite-sunday-brunch,src-cb-hoplite-brunch,hoplite-irish-pub-restaurant,cap-cb-hoplite-brunch-2026-06-03,,carolina_beach_intake_human_review,2026-06-03T15:00:00-04:00,user_cb_intake,user_human_review_2026-06-03,official_source_captured_carolina_beach_wilmington_scope,,high,closed,approved,Human reviewer verified; approved for Carolina Beach / Wilmington broad scope.,2026-06-03T20:00:00-04:00,user_human_review_2026-06-03,recheck_source,2026-06-17,aud-rt-cb-hoplite-sunday-brunch,Promoted to fixtures.,verified_static,false,Static prototype data. Deal availability is not live and must be confirmed against the listed evidence date.
rt-sp-pepperoni-grill-monday-pizza-special,deal_candidate,cand-sp-pepperoni-grill-monday-pizza-special,deal-sp-pepperoni-grill-monday-pizza-special,src-sp-pepperoni-grill-oak-island-specials,pepperoni-grill-oak-island,cap-sp-pepperoni-grill-oak-island-specials-2026-06-03,,southport_official_source_sweep,2026-06-03T20:30:00-04:00,official_source_sweep_2026-06-03,user_human_review_2026-06-03,official_source_captured_southport_prototype,,high,closed,approved,Human reviewer verified official source evidence and approved for Southport static prototype.,2026-06-03T20:45:00-04:00,user_human_review_2026-06-03,recheck_source,2026-06-17,aud-rt-sp-pepperoni-grill-monday-pizza-special,Promoted to Southport static prototype fixtures after official-source sweep.,verified_static,false,Static prototype data. Deal availability is not live and must be confirmed against the listed evidence date.
rt-sp-pepperoni-grill-thursday-pizza-wings-special,deal_candidate,cand-sp-pepperoni-grill-thursday-pizza-wings-special,deal-sp-pepperoni-grill-thursday-pizza-wings-special,src-sp-pepperoni-grill-oak-island-specials,pepperoni-grill-oak-island,cap-sp-pepperoni-grill-oak-island-specials-2026-06-03,,southport_official_source_sweep,2026-06-03T20:30:00-04:00,official_source_sweep_2026-06-03,user_human_review_2026-06-03,official_source_captured_southport_prototype,,high,closed,approved,Human reviewer verified official source evidence and approved for Southport static prototype.,2026-06-03T20:45:00-04:00,user_human_review_2026-06-03,recheck_source,2026-06-17,aud-rt-sp-pepperoni-grill-thursday-pizza-wings-special,Promoted to Southport static prototype fixtures after official-source sweep.,verified_static,false,Static prototype data. Deal availability is not live and must be confirmed against the listed evidence date.
rt-sp-bbq-house-oak-island-lunch-specials,deal_candidate,cand-sp-bbq-house-oak-island-lunch-specials,deal-sp-bbq-house-oak-island-lunch-specials,src-sp-bbq-house-oak-island-lunch-specials,bbq-house-oak-island,cap-sp-bbq-house-oak-island-lunch-specials-2026-06-03,,southport_official_source_sweep,2026-06-03T22:30:00-04:00,official_source_sweep_2026-06-03,user_human_review_2026-06-03,official_source_captured_southport_prototype,,high,closed,approved,Human reviewer verified official source evidence and approved for Southport static prototype.,2026-06-03T22:45:00-04:00,user_human_review_2026-06-03,recheck_source,2026-06-17,aud-rt-sp-bbq-house-oak-island-lunch-specials,Promoted to Southport static prototype fixtures after official-source sweep.,verified_static,false,Static prototype data. Deal availability is not live and must be confirmed against the listed evidence date.
rt-sp-swain-seafood-shack-lasagna-night,deal_candidate,cand-sp-swain-seafood-shack-lasagna-night,deal-sp-swain-seafood-shack-lasagna-night,src-sp-swain-seafood-shack-lasagna-night,swain-seafood-shack,cap-sp-swain-seafood-shack-lasagna-night-2026-06-03,,southport_official_source_sweep,2026-06-03T22:30:00-04:00,official_source_sweep_2026-06-03,user_human_review_2026-06-03,official_source_captured_southport_prototype,,high,closed,approved,Human reviewer verified official source evidence and approved for Southport static prototype.,2026-06-03T22:45:00-04:00,user_human_review_2026-06-03,recheck_source,2026-06-17,aud-rt-sp-swain-seafood-shack-lasagna-night,Promoted to Southport static prototype fixtures after official-source sweep.,verified_static,false,Static prototype data. Deal availability is not live and must be confirmed against the listed evidence date.
