source_check_id,deal_id,restaurant_id,source_id,direct_confirmation_id,source_capture_id_before,source_capture_id_after,checked_at,checked_by,check_type,started_at,completed_at,source_tier,source_url,previous_result,result,result_detail,http_status_or_access_result,confidence_status_before,confidence_status_after,workflow_status_before,workflow_status_after,change_detected,changed_fields,action_taken,affected_deal_ids,evidence_url_or_path,archive_url_or_path,screenshot_path,content_hash,assigned_to,resolved_at,notes,next_check_due,fixture_data_class,is_live_data,prototype_notice
chk-south-front-tavern-2026-06-01,,south-front-tavern,src-south-front-tavern-primary,,,cap-south-front-tavern-2026-06-01,2026-06-01T12:00:00-04:00,codex_research,routine,2026-06-01T12:00:00-04:00,2026-06-01T12:05:00-04:00,tier_1_official,https://www.southfronttavern.com/,,confirmed,Official or official-linked source identified for Wilmington NC seed set.,,,verified,,lead,false,source_identified,no_public_deal_created,,fixtures/prototype/evidence/verified-static/src-south-front-tavern-primary.md,,app/public/evidence/source-screenshots/src-south-front-tavern-primary.png,,codex_research,2026-06-01T12:05:00-04:00,Seed source check; no deal publication implied. Screenshot proof captured for app evidence preview.,2026-06-15,verified_static,false,Static prototype data. Deal availability is not live and must be confirmed against the listed evidence date.
chk-caprice-bistro-2026-06-01,,caprice-bistro,src-caprice-bistro-primary,,,cap-caprice-bistro-2026-06-01,2026-06-01T12:00:00-04:00,codex_research,routine,2026-06-01T12:00:00-04:00,2026-06-01T12:05:00-04:00,tier_1_official,https://www.capricebistro.com/,,confirmed,Official or official-linked source identified for Wilmington NC seed set.,,,verified,,lead,false,source_identified,no_public_deal_created,,fixtures/prototype/evidence/verified-static/src-caprice-bistro-primary.md,,app/public/evidence/source-screenshots/src-caprice-bistro-primary.png,,codex_research,2026-06-01T12:05:00-04:00,Seed source check; no deal publication implied. Screenshot proof captured for app evidence preview.,2026-06-15,verified_static,false,Static prototype data. Deal availability is not live and must be confirmed against the listed evidence date.
chk-rx-chicken-oysters-2026-06-01,,rx-chicken-oysters,src-rx-chicken-oysters-primary,,,cap-rx-chicken-oysters-2026-06-01,2026-06-01T12:00:00-04:00,codex_research,routine,2026-06-01T12:00:00-04:00,2026-06-01T12:05:00-04:00,tier_1_official,https://www.rxwilmington.com/,,confirmed,Official or official-linked source identified for Wilmington NC seed set.,,,verified,,lead,false,source_identified,no_public_deal_created,,fixtures/prototype/evidence/verified-static/src-rx-chicken-oysters-primary.md,,app/public/evidence/source-screenshots/src-rx-chicken-oysters-primary.png,,codex_research,2026-06-01T12:05:00-04:00,Seed source check; no deal publication implied. Screenshot proof captured for app evidence preview.,2026-06-15,verified_static,false,Static prototype data. Deal availability is not live and must be confirmed against the listed evidence date.
chk-cornelias-2026-06-01,,cornelias,src-cornelias-primary,,,cap-cornelias-2026-06-01,2026-06-01T12:00:00-04:00,codex_research,routine,2026-06-01T12:00:00-04:00,2026-06-01T12:05:00-04:00,tier_1_official,https://corneliasrestaurant.com/,,confirmed,Official or official-linked source identified for Wilmington NC seed set.,,,verified,,lead,false,source_identified,no_public_deal_created,,fixtures/prototype/evidence/verified-static/src-cornelias-primary.md,,,,codex_research,2026-06-01T12:05:00-04:00,Seed source check; no deal publication implied.,2026-06-15,verified_static,false,Static prototype data. Deal availability is not live and must be confirmed against the listed evidence date.
chk-the-cardinal-2026-06-01,,the-cardinal,src-the-cardinal-primary,,,cap-the-cardinal-2026-06-01,2026-06-01T12:00:00-04:00,codex_research,routine,2026-06-01T12:00:00-04:00,2026-06-01T12:05:00-04:00,tier_1_official,https://thecardinalilm.com/,,confirmed,Official or official-linked source identified for Wilmington NC seed set.,,,verified,,lead,false,source_identified,no_public_deal_created,,fixtures/prototype/evidence/verified-static/src-the-cardinal-primary.md,,app/public/evidence/source-screenshots/src-the-cardinal-primary.png,,codex_research,2026-06-01T12:05:00-04:00,Seed source check; no deal publication implied. Screenshot proof captured for app evidence preview.,2026-06-15,verified_static,false,Static prototype data. Deal availability is not live and must be confirmed against the listed evidence date.
chk-kornerstone-bistro-2026-06-01,,kornerstone-bistro,src-kornerstone-bistro-primary,,,cap-kornerstone-bistro-2026-06-01,2026-06-01T12:00:00-04:00,codex_research,routine,2026-06-01T12:00:00-04:00,2026-06-01T12:05:00-04:00,tier_1_official,https://www.kornerstonebistro.com/,,confirmed,Official or official-linked source identified for Wilmington NC seed set.,,,verified,,lead,false,source_identified,no_public_deal_created,,fixtures/prototype/evidence/verified-static/src-kornerstone-bistro-primary.md,,app/public/evidence/source-screenshots/src-kornerstone-bistro-primary.png,,codex_research,2026-06-01T12:05:00-04:00,Seed source check; no deal publication implied. Screenshot proof captured for app evidence preview.,2026-06-15,verified_static,false,Static prototype data. Deal availability is not live and must be confirmed against the listed evidence date.
chk-roko-italian-cuisine-2026-06-01,,roko-italian-cuisine,src-roko-italian-cuisine-primary,,,cap-roko-italian-cuisine-2026-06-01,2026-06-01T12:00:00-04:00,codex_research,routine,2026-06-01T12:00:00-04:00,2026-06-01T12:05:00-04:00,tier_1_official,https://www.rokoitalian.com/,,confirmed,Official or official-linked source identified for Wilmington NC seed set.,,,verified,,lead,false,source_identified,no_public_deal_created,,fixtures/prototype/evidence/verified-static/src-roko-italian-cuisine-primary.md,,,,codex_research,2026-06-01T12:05:00-04:00,Seed source check; no deal publication implied.,2026-06-15,verified_static,false,Static prototype data. Deal availability is not live and must be confirmed against the listed evidence date.
chk-winnies-tavern-2026-06-01,,winnies-tavern,src-winnies-tavern-primary,,,cap-winnies-tavern-2026-06-01,2026-06-01T12:00:00-04:00,codex_research,routine,2026-06-01T12:00:00-04:00,2026-06-01T12:05:00-04:00,tier_3_partner,https://www.clover.com/online-ordering/winnies-tavern-wilmington,,confirmed,Official or official-linked source identified for Wilmington NC seed set.,,,verified,,lead,false,source_identified,no_public_deal_created,,fixtures/prototype/evidence/verified-static/src-winnies-tavern-primary.md,,,,codex_research,2026-06-01T12:05:00-04:00,Seed source check; no deal publication implied.,2026-06-15,verified_static,false,Static prototype data. Deal availability is not live and must be confirmed against the listed evidence date.
chk-the-half-downtown-2026-06-01,,the-half-downtown,src-the-half-downtown-primary,,,cap-the-half-downtown-2026-06-01,2026-06-01T12:00:00-04:00,codex_research,routine,2026-06-01T12:00:00-04:00,2026-06-01T12:05:00-04:00,tier_3_partner,https://www.toasttab.com/the-half-downtown-wilmington-510-1-2-red-cross-street/v3,,confirmed,Official or official-linked source identified for Wilmington NC seed set.,,,verified,,lead,false,source_identified,no_public_deal_created,,fixtures/prototype/evidence/verified-static/src-the-half-downtown-primary.md,,,,codex_research,2026-06-01T12:05:00-04:00,Seed source check; no deal publication implied.,2026-06-15,verified_static,false,Static prototype data. Deal availability is not live and must be confirmed against the listed evidence date.
chk-c-street-mexican-grill-2026-06-01,,c-street-mexican-grill,src-c-street-mexican-grill-primary,,,cap-c-street-mexican-grill-2026-06-01,2026-06-01T12:00:00-04:00,codex_research,routine,2026-06-01T12:00:00-04:00,2026-06-01T12:05:00-04:00,tier_3_partner,https://direct.chownow.com/order/28956/locations/42738,,confirmed,Official or official-linked source identified for Wilmington NC seed set.,,,verified,,lead,false,source_identified,no_public_deal_created,,fixtures/prototype/evidence/verified-static/src-c-street-mexican-grill-primary.md,,,,codex_research,2026-06-01T12:05:00-04:00,Seed source check; no deal publication implied.,2026-06-15,verified_static,false,Static prototype data. Deal availability is not live and must be confirmed against the listed evidence date.
chk-beat-street-2026-06-01,,beat-street,src-beat-street-primary,,,cap-beat-street-2026-06-01,2026-06-01T12:00:00-04:00,codex_research,routine,2026-06-01T12:00:00-04:00,2026-06-01T12:05:00-04:00,tier_1_official,https://www.beatstreetilm.com/,,confirmed,Official or official-linked source identified for Wilmington NC seed set.,,,verified,,approved,false,source_identified;weekly_food_specials_found,public_deal_created,deal-beat-street-tuesday-2-tacos,fixtures/prototype/evidence/verified-static/src-beat-street-primary.md,,app/public/evidence/source-screenshots/src-beat-street-primary.png,sha256:5f71909619b46167855d0d18093916bc9b1b563b1eabaaf59c445d809c14811c,codex_research,2026-06-01T12:05:00-04:00,Source check supports one static prototype food deal; restrictions incomplete. Screenshot proof captured for app evidence preview.,2026-06-15,verified_static,false,Static prototype data. Deal availability is not live and must be confirmed against the listed evidence date.
chk-block-taco-2026-06-01,,block-taco,src-block-taco-primary,,,cap-block-taco-2026-06-01,2026-06-01T12:00:00-04:00,codex_research,routine,2026-06-01T12:00:00-04:00,2026-06-01T12:05:00-04:00,tier_1_official,https://blocktaco.com/,,confirmed,Official or official-linked source identified for Wilmington NC seed set.,,,verified,,lead,false,source_identified,no_public_deal_created,,fixtures/prototype/evidence/verified-static/src-block-taco-primary.md,,app/public/evidence/source-screenshots/src-block-taco-primary.png,,codex_research,2026-06-01T12:05:00-04:00,Seed source check; no deal publication implied. Screenshot proof captured for app evidence preview.,2026-06-15,verified_static,false,Static prototype data. Deal availability is not live and must be confirmed against the listed evidence date.
chk-hells-kitchen-2026-06-01,,hells-kitchen,src-hells-kitchen-primary,,,cap-hells-kitchen-2026-06-01,2026-06-01T12:00:00-04:00,codex_research,routine,2026-06-01T12:00:00-04:00,2026-06-01T12:05:00-04:00,tier_1_official,https://hellskitchenbar.com/,,confirmed,Official or official-linked source identified for Wilmington NC seed set.,,,verified,,lead,false,source_identified,no_public_deal_created,,fixtures/prototype/evidence/verified-static/src-hells-kitchen-primary.md,,app/public/evidence/source-screenshots/src-hells-kitchen-primary.png,,codex_research,2026-06-01T12:05:00-04:00,Seed source check; no deal publication implied. Screenshot proof captured for app evidence preview.,2026-06-15,verified_static,false,Static prototype data. Deal availability is not live and must be confirmed against the listed evidence date.
chk-castle-street-kitchen-2026-06-01,,castle-street-kitchen,src-castle-street-kitchen-primary,,,cap-castle-street-kitchen-2026-06-01,2026-06-01T12:00:00-04:00,codex_research,routine,2026-06-01T12:00:00-04:00,2026-06-01T12:05:00-04:00,tier_1_official,https://www.castlestkitchen.com/,,confirmed,Official or official-linked source identified for Wilmington NC seed set.,,,verified,,lead,false,source_identified,no_public_deal_created,,fixtures/prototype/evidence/verified-static/src-castle-street-kitchen-primary.md,,,,codex_research,2026-06-01T12:05:00-04:00,Seed source check; no deal publication implied.,2026-06-15,verified_static,false,Static prototype data. Deal availability is not live and must be confirmed against the listed evidence date.
chk-fortunate-glass-2026-06-01,,fortunate-glass,src-fortunate-glass-primary,,,cap-fortunate-glass-2026-06-01,2026-06-01T12:00:00-04:00,codex_research,routine,2026-06-01T12:00:00-04:00,2026-06-01T12:05:00-04:00,tier_1_official,https://www.fortunateglass.com/,,confirmed,Official or official-linked source identified for Wilmington NC seed set.,,,verified,,lead,false,source_identified,no_public_deal_created,,fixtures/prototype/evidence/verified-static/src-fortunate-glass-primary.md,,,,codex_research,2026-06-01T12:05:00-04:00,Seed source check; no deal publication implied.,2026-06-15,verified_static,false,Static prototype data. Deal availability is not live and must be confirmed against the listed evidence date.
chk-front-street-brewery-2026-06-01,,front-street-brewery,src-front-street-brewery-primary,,,cap-front-street-brewery-2026-06-01,2026-06-01T12:00:00-04:00,codex_research,routine,2026-06-01T12:00:00-04:00,2026-06-01T12:05:00-04:00,tier_3_partner,https://order.toasttab.com/online/front-street-brewery-wilmington-9-n-front-st,,confirmed,Official or official-linked source identified for Wilmington NC seed set.,,,verified,,lead,false,source_identified,no_public_deal_created,,fixtures/prototype/evidence/verified-static/src-front-street-brewery-primary.md,,,,codex_research,2026-06-01T12:05:00-04:00,Seed source check; no deal publication implied.,2026-06-15,verified_static,false,Static prototype data. Deal availability is not live and must be confirmed against the listed evidence date.
chk-rooster-and-the-crow-2026-06-01,,rooster-and-the-crow,src-rooster-and-the-crow-primary,,,cap-rooster-and-the-crow-2026-06-01,2026-06-01T12:00:00-04:00,codex_research,routine,2026-06-01T12:00:00-04:00,2026-06-01T12:05:00-04:00,tier_1_official,https://roosterandthecrow.com/,,confirmed,Official or official-linked source identified for Wilmington NC seed set.,,,verified,,lead,false,source_identified,no_public_deal_created,,fixtures/prototype/evidence/verified-static/src-rooster-and-the-crow-primary.md,,,,codex_research,2026-06-01T12:05:00-04:00,Seed source check; no deal publication implied.,2026-06-15,verified_static,false,Static prototype data. Deal availability is not live and must be confirmed against the listed evidence date.
chk-tacobaby-2026-06-01,,tacobaby,src-tacobaby-primary,,,cap-tacobaby-2026-06-01,2026-06-01T12:00:00-04:00,codex_research,routine,2026-06-01T12:00:00-04:00,2026-06-01T12:05:00-04:00,tier_1_official,https://tacobabyusa.com/,,confirmed,Official or official-linked source identified for Wilmington NC seed set.,,,verified,,lead,false,source_identified,no_public_deal_created,,fixtures/prototype/evidence/verified-static/src-tacobaby-primary.md,,app/public/evidence/source-screenshots/src-tacobaby-primary.png,,codex_research,2026-06-01T12:05:00-04:00,Seed source check; no deal publication implied. Screenshot proof captured for app evidence preview.,2026-06-15,verified_static,false,Static prototype data. Deal availability is not live and must be confirmed against the listed evidence date.
chk-true-blue-butcher-table-2026-06-01,,true-blue-butcher-table,src-true-blue-butcher-table-primary,,,cap-true-blue-butcher-table-2026-06-01,2026-06-01T12:00:00-04:00,codex_research,routine,2026-06-01T12:00:00-04:00,2026-06-01T12:05:00-04:00,tier_1_official,https://www.wearetrueblue.com/truebluebutcherandtable,,confirmed,Official or official-linked source identified for Wilmington NC seed set.,,,verified,,lead,false,source_identified,no_public_deal_created,,fixtures/prototype/evidence/verified-static/src-true-blue-butcher-table-primary.md,,app/public/evidence/source-screenshots/src-true-blue-butcher-table-primary.png,,codex_research,2026-06-01T12:05:00-04:00,Seed source check; no deal publication implied. Screenshot proof captured for app evidence preview.,2026-06-15,verified_static,false,Static prototype data. Deal availability is not live and must be confirmed against the listed evidence date.
chk-za-pie-pizzeria-2026-06-01,,za-pie-pizzeria,src-za-pie-pizzeria-primary,,,cap-za-pie-pizzeria-2026-06-01,2026-06-01T12:00:00-04:00,codex_research,routine,2026-06-01T12:00:00-04:00,2026-06-01T12:05:00-04:00,tier_1_official,https://www.zapie.com/,,confirmed,Official or official-linked source identified for Wilmington NC seed set.,,,verified,,lead,false,source_identified,no_public_deal_created,,fixtures/prototype/evidence/verified-static/src-za-pie-pizzeria-primary.md,,app/public/evidence/source-screenshots/src-za-pie-pizzeria-primary.png,,codex_research,2026-06-01T12:05:00-04:00,Seed source check; no deal publication implied. Screenshot proof captured for app evidence preview.,2026-06-15,verified_static,false,Static prototype data. Deal availability is not live and must be confirmed against the listed evidence date.
chk-tomiko-san-2026-06-01,,tomiko-san,src-tomiko-san-primary,,,cap-tomiko-san-2026-06-01,2026-06-01T12:00:00-04:00,codex_research,routine,2026-06-01T12:00:00-04:00,2026-06-01T12:05:00-04:00,tier_1_official,https://www.tomiko-san.com/,,confirmed,Official or official-linked source identified for Wilmington NC seed set.,,,verified,,lead,false,source_identified,no_public_deal_created,,fixtures/prototype/evidence/verified-static/src-tomiko-san-primary.md,,,,codex_research,2026-06-01T12:05:00-04:00,Seed source check; no deal publication implied.,2026-06-15,verified_static,false,Static prototype data. Deal availability is not live and must be confirmed against the listed evidence date.
chk-tidewater-oyster-bar-2026-06-01,,tidewater-oyster-bar,src-tidewater-oyster-bar-primary,,,cap-tidewater-oyster-bar-2026-06-01,2026-06-01T12:00:00-04:00,codex_research,routine,2026-06-01T12:00:00-04:00,2026-06-01T12:05:00-04:00,tier_1_official,https://tidewateroysterbar.com/,,confirmed,Official or official-linked source identified for Wilmington NC seed set.,,,verified,,lead,false,source_identified,no_public_deal_created,,fixtures/prototype/evidence/verified-static/src-tidewater-oyster-bar-primary.md,,,,codex_research,2026-06-01T12:05:00-04:00,Seed source check; no deal publication implied.,2026-06-15,verified_static,false,Static prototype data. Deal availability is not live and must be confirmed against the listed evidence date.
chk-yosake-2026-06-01,,yosake,src-yosake-primary,,,cap-yosake-2026-06-01,2026-06-01T12:00:00-04:00,codex_research,routine,2026-06-01T12:00:00-04:00,2026-06-01T12:05:00-04:00,tier_1_official,https://yosake.com/,,confirmed,Official or official-linked source identified for Wilmington NC seed set.,,,verified,,lead,false,source_identified,no_public_deal_created,,fixtures/prototype/evidence/verified-static/src-yosake-primary.md,,,,codex_research,2026-06-01T12:05:00-04:00,Seed source check; no deal publication implied.,2026-06-15,verified_static,false,Static prototype data. Deal availability is not live and must be confirmed against the listed evidence date.
chk-pinpoint-restaurant-2026-06-01,,pinpoint-restaurant,src-pinpoint-restaurant-primary,,,cap-pinpoint-restaurant-2026-06-01,2026-06-01T12:00:00-04:00,codex_research,routine,2026-06-01T12:00:00-04:00,2026-06-01T12:05:00-04:00,tier_1_official,https://pinpointrestaurant.com/,,unclear,"Official source was identified, but operating status and public visibility need reconfirmation before any public restaurant or deal visibility.",,,unverified,,needs_review,false,source_identified;operating_status_needs_review,public_hold,,fixtures/prototype/evidence/verified-static/src-pinpoint-restaurant-primary.md,,,,codex_research,2026-06-01T12:05:00-04:00,Seed source check kept on public hold; no deal publication implied until operating status is reconfirmed.,2026-06-15,verified_static,false,Static prototype data. Deal availability is not live and must be confirmed against the listed evidence date.
chk-copper-penny-2026-06-01,,copper-penny,src-copper-penny-primary,,,cap-copper-penny-2026-06-01,2026-06-01T12:00:00-04:00,codex_research,routine,2026-06-01T12:00:00-04:00,2026-06-01T12:05:00-04:00,tier_1_official,https://www.copperpennync.com/,,confirmed,Official or official-linked source identified for Wilmington NC seed set.,,,verified,,lead,false,source_identified,no_public_deal_created,,fixtures/prototype/evidence/verified-static/src-copper-penny-primary.md,,,,codex_research,2026-06-01T12:05:00-04:00,Seed source check; no deal publication implied.,2026-06-15,verified_static,false,Static prototype data. Deal availability is not live and must be confirmed against the listed evidence date.
chk-ponysaurus-wilmington-2026-06-02,,ponysaurus-wilmington,src-ponysaurus-wilmington-primary,,,cap-ponysaurus-wilmington-2026-06-02,2026-06-02T09:30:00-04:00,codex_phase_1d,routine,2026-06-02T09:30:00-04:00,2026-06-02T09:35:00-04:00,tier_1_official,https://www.ponysaurusbrewing.com/ilm,,confirmed,Official Wilmington source identified with weekly food-special evidence.,,,verified,,approved,false,source_identified;weekly_food_specials_found,public_deals_created,deal-ponysaurus-monday-half-price-wings;deal-ponysaurus-tuesday-10-pizza;deal-ponysaurus-wednesday-half-price-burger,fixtures/prototype/evidence/verified-static/src-ponysaurus-wilmington-primary.md,,app/public/evidence/source-screenshots/src-ponysaurus-wilmington-primary.png,sha256:f3cea0c97d31bc0ea62decbe35e8af62f51fd252ffb3b6d0326cbb0e3f58acb7,codex_phase_1d,2026-06-02T09:35:00-04:00,Source check supports three static prototype food deals; alcohol-only copy suppressed. Screenshot proof captured for app evidence preview.,2026-06-16,verified_static,false,Static prototype data. Deal availability is not live and must be confirmed against the listed evidence date.
chk-hells-kitchen-2026-06-02,,hells-kitchen,src-hells-kitchen-primary,,cap-hells-kitchen-2026-06-01,cap-hells-kitchen-2026-06-02,2026-06-02T10:15:00-04:00,codex_phase_1e,routine,2026-06-02T10:15:00-04:00,2026-06-02T10:20:00-04:00,tier_1_official,https://hellskitchenbar.com/,confirmed,confirmed,Official homepage identified with Tuesday food-special evidence.,,verified,verified,lead,approved,false,daily_food_specials_found,public_deal_created,deal-hells-kitchen-tuesday-meatball-sub,fixtures/prototype/evidence/verified-static/src-hells-kitchen-primary.md,,app/public/evidence/source-screenshots/src-hells-kitchen-primary.png,sha256:943575840f15422bb4b78f5c2ba4505d34402462d3cce0910da782e514b7e4b6,codex_phase_1e,2026-06-02T10:20:00-04:00,Source check supports one static prototype food deal; drink specials suppressed. Screenshot proof captured for app evidence preview.,2026-06-16,verified_static,false,Static prototype data. Deal availability is not live and must be confirmed against the listed evidence date.
chk-beat-street-2026-06-02-smashburgers,,beat-street,src-beat-street-primary,,cap-beat-street-2026-06-01,cap-beat-street-2026-06-02-smashburgers,2026-06-02T13:10:00-04:00,codex_phase_1h,routine,2026-06-02T13:10:00-04:00,2026-06-02T13:15:00-04:00,tier_1_official,https://www.beatstreetilm.com/,confirmed,confirmed,Official Beat Street site lists specials for Wilmington: $2 tacos Tuesdays 4-7 PM and $7 smashburgers Wednesdays 4-7 PM.,,verified,verified,lead,approved,true,weekly_food_specials_found,public_deal_created,deal-beat-street-wednesday-7-smashburgers,fixtures/prototype/evidence/verified-static/src-beat-street-primary.md,,app/public/evidence/source-screenshots/src-beat-street-primary.png,sha256:77117c61f34211cf26a027f521ec9957c601fbd48755ea4e1368b978d7e1ec3d,codex_phase_1h,2026-06-02T13:15:00-04:00,Source check supports one static prototype food deal; restrictions incomplete. Screenshot proof captured for app evidence preview.,2026-06-16,verified_static,false,Static prototype data. Deal availability is not live and must be confirmed against the listed evidence date.
chk-true-blue-butcher-table-2026-06-02-smash-burgers,,true-blue-butcher-table,src-true-blue-butcher-table-primary,,cap-true-blue-butcher-table-2026-06-01,cap-true-blue-butcher-table-2026-06-02-smash-burgers,2026-06-02T13:10:00-04:00,codex_phase_1h,routine,2026-06-02T13:10:00-04:00,2026-06-02T13:15:00-04:00,tier_1_official,https://www.wearetrueblue.com/truebluebutcherandtable,confirmed,confirmed,Official True Blue Butcher & Table page lists Weekly Deals & Experiences including Smash Burger Wednesday every Wednesday 4pm-7pm and $7 Smash Burgers.,,verified,verified,lead,approved,true,weekly_food_specials_found,public_deal_created,deal-true-blue-butcher-table-wednesday-7-smash-burgers,fixtures/prototype/evidence/verified-static/src-true-blue-butcher-table-primary.md,,app/public/evidence/source-screenshots/src-true-blue-butcher-table-primary.png,sha256:b0cb702bb159308b7c31e11e3adb2cfa1edcd827a3af657c11aee3466097c287,codex_phase_1h,2026-06-02T13:15:00-04:00,Source check supports one static prototype food deal; restrictions incomplete. Screenshot proof captured for app evidence preview.,2026-06-16,verified_static,false,Static prototype data. Deal availability is not live and must be confirmed against the listed evidence date.
chk-rx-chicken-oysters-2026-06-02-oyster-happy-hour,,rx-chicken-oysters,src-rx-chicken-oysters-primary,,cap-rx-chicken-oysters-2026-06-01,cap-rx-chicken-oysters-2026-06-02-oyster-happy-hour,2026-06-02T13:10:00-04:00,codex_phase_1h,routine,2026-06-02T13:10:00-04:00,2026-06-02T13:15:00-04:00,tier_1_official,https://www.rxwilmington.com/,confirmed,confirmed,Official Rx Chicken & Oysters homepage lists Weekly Specials: Wednesday-Friday Oyster Happy Hour with 1/2 price oysters on the half shell from 5-6pm.,,verified,verified,lead,approved,true,weekly_food_specials_found,public_deal_created,deal-rx-chicken-oysters-wed-fri-half-price-oysters,fixtures/prototype/evidence/verified-static/src-rx-chicken-oysters-primary.md,,app/public/evidence/source-screenshots/src-rx-chicken-oysters-primary.png,sha256:0c73ac2332551a683b1e27f17261f91bf931c319639f71910533d85cd4a54e22,codex_phase_1h,2026-06-02T13:15:00-04:00,Source check supports one static prototype food deal; restrictions incomplete. Screenshot proof captured for app evidence preview.,2026-06-16,verified_static,false,Static prototype data. Deal availability is not live and must be confirmed against the listed evidence date.
chk-south-front-tavern-2026-06-02-weekly-food-specials,,south-front-tavern,src-south-front-tavern-primary,,cap-south-front-tavern-2026-06-01,cap-south-front-tavern-2026-06-02-weekly-food-specials,2026-06-02T14:20:00-04:00,codex_phase_1i,routine,2026-06-02T14:20:00-04:00,2026-06-02T14:25:00-04:00,tier_1_official,https://www.southfronttavern.com/,confirmed,confirmed,Official South Front Tavern site lists weekly food specials for Monday empanadas Wednesday quesadillas Thursday SmashBurger and Friday bar bites.,,verified,verified,lead,approved,true,weekly_food_specials_found,public_deal_created,deal-south-front-tavern-monday-4-empanadas;deal-south-front-tavern-wednesday-half-price-quesadillas;deal-south-front-tavern-thursday-5-smashburger;deal-south-front-tavern-friday-5-bar-bites,fixtures/prototype/evidence/verified-static/src-south-front-tavern-primary.md,,app/public/evidence/source-screenshots/src-south-front-tavern-primary.png,sha256:c693e2d78fab99209c72ab4fbc65874e6f4e0d381cf810ec6e1105a93a21af8d,codex_phase_1i,2026-06-02T14:25:00-04:00,Source check supports four static prototype food deals; alcohol copy suppressed. Screenshot proof captured for app evidence preview.,2026-06-16,verified_static,false,Static prototype data. Deal availability is not live and must be confirmed against the listed evidence date.
chk-the-cardinal-2026-06-02-weekly-food-specials,,the-cardinal,src-the-cardinal-primary,,cap-the-cardinal-2026-06-01,cap-the-cardinal-2026-06-02-weekly-food-specials,2026-06-02T14:20:00-04:00,codex_phase_1i,routine,2026-06-02T14:20:00-04:00,2026-06-02T14:25:00-04:00,tier_1_official,https://thecardinalilm.com/,confirmed,confirmed,Official The Cardinal site lists weekly food specials for Tuesday half price pizza and Wednesday $5 burgers with dine-in-only restriction.,,verified,verified,lead,approved,true,weekly_food_specials_found,public_deal_created,deal-the-cardinal-tuesday-half-price-pizza;deal-the-cardinal-wednesday-5-burgers,fixtures/prototype/evidence/verified-static/src-the-cardinal-primary.md,,app/public/evidence/source-screenshots/src-the-cardinal-primary.png,sha256:547cc2b4568a10d607862da577e137377ea5c6b3252e475a7bd8a950e7fe56b5,codex_phase_1i,2026-06-02T14:25:00-04:00,Source check supports two static prototype food deals; alcohol copy suppressed. Screenshot proof captured for app evidence preview.,2026-06-16,verified_static,false,Static prototype data. Deal availability is not live and must be confirmed against the listed evidence date.
chk-kornerstone-bistro-2026-06-02-weekly-food-specials,,kornerstone-bistro,src-kornerstone-bistro-primary,,cap-kornerstone-bistro-2026-06-01,cap-kornerstone-bistro-2026-06-02-weekly-food-specials,2026-06-02T14:20:00-04:00,codex_phase_1i,routine,2026-06-02T14:20:00-04:00,2026-06-02T14:25:00-04:00,tier_1_official,https://www.kornerstonebistro.com/,confirmed,confirmed,Official Kornerstone Bistro site lists weekly food specials including Tuesday 1/2 Price Mussels.,,verified,verified,lead,approved,true,weekly_food_specials_found,public_deal_created,deal-kornerstone-bistro-tuesday-half-price-mussels,fixtures/prototype/evidence/verified-static/src-kornerstone-bistro-primary.md,,app/public/evidence/source-screenshots/src-kornerstone-bistro-primary.png,sha256:58a4fb83bece32e176fa9f3917f559f0d57f331a60dc707da1e8f317834e9bb7,codex_phase_1i,2026-06-02T14:25:00-04:00,Source check supports one static prototype food deal; alcohol copy suppressed. Screenshot proof captured for app evidence preview.,2026-06-16,verified_static,false,Static prototype data. Deal availability is not live and must be confirmed against the listed evidence date.
chk-caprice-bistro-2026-06-02-expanded-specials,,caprice-bistro,src-caprice-bistro-primary,,cap-caprice-bistro-2026-06-02,cap-caprice-bistro-2026-06-02-expanded-specials,2026-06-02T15:00:00-04:00,codex_phase_1j,routine,2026-06-02T15:00:00-04:00,2026-06-02T15:05:00-04:00,tier_1_official,https://www.capricebistro.com/weekly-specials,confirmed,confirmed,Official weekly-specials page supports Mussel Mondays and daily Petit Plates.,,verified,verified,approved,approved,true,additional_food_specials_found,public_deals_created,deal-caprice-bistro-monday-mussel-mondays;deal-caprice-bistro-daily-7-petit-plates,fixtures/prototype/evidence/verified-static/src-caprice-bistro-primary.md,,app/public/evidence/source-screenshots/src-caprice-bistro-primary.png,sha256:5dac35a6647ae208d32c22422b237e5863784bb8bc1a16e949f3098844112907,codex_phase_1j,2026-06-02T15:05:00-04:00,Source check supports two additional static prototype food deals; alcohol copy suppressed. Screenshot proof captured for app evidence preview.,2026-06-16,verified_static,false,Static prototype data. Deal availability is not live and must be confirmed against the listed evidence date.
chk-true-blue-butcher-table-2026-06-02-half-priced-appetizers,deal-true-blue-butcher-table-fri-sat-half-priced-appetizers,true-blue-butcher-table,src-true-blue-butcher-table-primary,,cap-true-blue-butcher-table-2026-06-02-smash-burgers,cap-true-blue-butcher-table-2026-06-02-half-priced-appetizers,2026-06-02T15:00:00-04:00,codex_phase_1j,routine,2026-06-02T15:00:00-04:00,2026-06-02T15:05:00-04:00,tier_1_official,https://www.wearetrueblue.com/truebluebutcherandtable,confirmed,confirmed,Official True Blue page supports Fri/Sat half-priced appetizers at bar or patio.,,verified,verified,approved,approved,true,additional_food_specials_found,public_deal_created,deal-true-blue-butcher-table-fri-sat-half-priced-appetizers,fixtures/prototype/evidence/verified-static/src-true-blue-butcher-table-primary.md,,app/public/evidence/source-screenshots/src-true-blue-butcher-table-primary.png,sha256:5c5238038e8bb838d28ec4fb886f5419434deb8422ec7062a491ada037c4851c,codex_phase_1j,2026-06-02T15:05:00-04:00,Source check supports one additional static prototype appetizer deal; alcohol copy suppressed. Screenshot proof captured for app evidence preview.,2026-06-16,verified_static,false,Static prototype data. Deal availability is not live and must be confirmed against the listed evidence date.
chk-za-pie-pizzeria-2026-06-02-menu-specials,,za-pie-pizzeria,src-za-pie-pizzeria-primary,,cap-za-pie-pizzeria-2026-06-01,cap-za-pie-pizzeria-2026-06-02-menu-specials,2026-06-02T15:00:00-04:00,codex_phase_1j,routine,2026-06-02T15:00:00-04:00,2026-06-02T15:05:00-04:00,tier_1_official,https://www.zapie.com/menu,confirmed,confirmed,Official Za Pie menu supports standing pizza combo specials.,,verified,verified,lead,approved,true,standing_specials_found,public_deals_created,deal-za-pie-pizzeria-daily-one-stop-special;deal-za-pie-pizzeria-daily-dinner-for-two,fixtures/prototype/evidence/verified-static/src-za-pie-pizzeria-primary.md,,app/public/evidence/source-screenshots/src-za-pie-pizzeria-primary.png,sha256:45b99f139a995d69d89a4060ee3bf3ed9d163f4635d1093d401e386a6fc2cc57,codex_phase_1j,2026-06-02T15:05:00-04:00,Source check supports two static prototype Monkey Junction pizza combo deals. Screenshot proof captured for app evidence preview.,2026-06-16,verified_static,false,Static prototype data. Deal availability is not live and must be confirmed against the listed evidence date.
chk-block-taco-2026-06-02-current-specials,,block-taco,src-block-taco-primary,,cap-block-taco-2026-06-01,cap-block-taco-2026-06-02-current-specials,2026-06-02T15:00:00-04:00,codex_phase_1j,routine,2026-06-02T15:00:00-04:00,2026-06-02T15:05:00-04:00,tier_1_official,https://blocktaco.com/,confirmed,confirmed,Official Block Taco page supports current taco combo specials.,,verified,verified,lead,approved,true,current_specials_found,public_deals_created,deal-block-taco-mon-tue-10-tacos-chips-salsa;deal-block-taco-fri-sun-20-brunch-special,fixtures/prototype/evidence/verified-static/src-block-taco-primary.md,,app/public/evidence/source-screenshots/src-block-taco-primary.png,sha256:e284a0cb4efcd6a01b54b46d2adb1f9607aafa17bc34e0205b87e21095a00026,codex_phase_1j,2026-06-02T15:05:00-04:00,Source check supports two static prototype food combo deals. Screenshot proof captured for app evidence preview.,2026-06-16,verified_static,false,Static prototype data. Deal availability is not live and must be confirmed against the listed evidence date.
chk-hells-kitchen-2026-06-02-expanded-lunch-specials,,hells-kitchen,src-hells-kitchen-primary,,cap-hells-kitchen-2026-06-02,cap-hells-kitchen-2026-06-02-expanded-lunch-specials,2026-06-02T15:00:00-04:00,codex_phase_1j,routine,2026-06-02T15:00:00-04:00,2026-06-02T15:05:00-04:00,tier_1_official,https://hellskitchenbar.com/,confirmed,confirmed,Official homepage supports additional weekday lunch food specials.,,verified,verified,approved,approved,true,additional_lunch_specials_found,public_deals_created,deal-hells-kitchen-monday-caesar-wrap;deal-hells-kitchen-wednesday-classic-hk-burger;deal-hells-kitchen-thursday-nashville-hot-chicken;deal-hells-kitchen-friday-wing-lunch,fixtures/prototype/evidence/verified-static/src-hells-kitchen-primary.md,,app/public/evidence/source-screenshots/src-hells-kitchen-primary.png,sha256:578de980a95357fa55de61c8226bb8e3576824f8ba437c094e41cbe25f1521ab,codex_phase_1j,2026-06-02T15:05:00-04:00,Source check supports four additional weekday lunch food deals; drink copy suppressed. Screenshot proof captured for app evidence preview.,2026-06-16,verified_static,false,Static prototype data. Deal availability is not live and must be confirmed against the listed evidence date.
chk-tacobaby-2026-06-02-lunch-special,deal-tacobaby-daily-11-lunch-special,tacobaby,src-tacobaby-primary,,cap-tacobaby-2026-06-01,cap-tacobaby-2026-06-02-lunch-special,2026-06-02T15:00:00-04:00,codex_phase_1j,routine,2026-06-02T15:00:00-04:00,2026-06-02T15:05:00-04:00,tier_1_official,https://tacobabyusa.com/,confirmed,confirmed,Official Tacobaby homepage supports daily $11 lunch special.,,verified,verified,lead,approved,true,lunch_special_found,public_deal_created,deal-tacobaby-daily-11-lunch-special,fixtures/prototype/evidence/verified-static/src-tacobaby-primary.md,,app/public/evidence/source-screenshots/src-tacobaby-primary.png,sha256:fe6f13f65ee3dba633d807b596b716b20b07867040009e440ff008a0255ae093,codex_phase_1j,2026-06-02T15:05:00-04:00,Source check supports one static prototype food/non-alcohol lunch deal. Screenshot proof captured for app evidence preview.,2026-06-16,verified_static,false,Static prototype data. Deal availability is not live and must be confirmed against the listed evidence date.
chk-islands-fresh-mex-monkey-junction-2026-06-02-taco-specials,,islands-fresh-mex-monkey-junction,src-islands-fresh-mex-monkey-junction-menu,,,cap-islands-fresh-mex-monkey-junction-2026-06-02-taco-specials,2026-06-02T16:05:00-04:00,codex_phase_1k,routine,2026-06-02T16:05:00-04:00,2026-06-02T16:10:00-04:00,tier_1_official,https://www.islandsfreshmexgrill.com/menu/,,confirmed,Official menu supports daily before-5 and after-5 taco specials.,,,verified,lead,approved,true,daily_taco_specials_found,public_deals_created,deal-islands-fresh-mex-monkey-junction-daily-before-5-tacos;deal-islands-fresh-mex-monkey-junction-daily-after-5-tacos,fixtures/prototype/evidence/verified-static/src-islands-fresh-mex-monkey-junction-menu.md,,app/public/evidence/source-screenshots/src-islands-fresh-mex-monkey-junction-menu.png,sha256:1361ad296b7e92c49fe60d2383580ee7f2f845d414cdbcdf4d66d7eb558eb522,codex_phase_1k,2026-06-02T16:10:00-04:00,Source check supports static prototype public food deals; public copy treats drink-purchase restriction as non-alcoholic and suppresses alcohol examples. Screenshot proof captured for app evidence preview.,2026-06-16,verified_static,false,Static prototype data. Deal availability is not live and must be confirmed against the listed evidence date.
chk-italian-bistro-monkey-junction-2026-06-02-pizza-specials,,italian-bistro-monkey-junction,src-italian-bistro-monkey-junction-specials,,,cap-italian-bistro-monkey-junction-2026-06-02-pizza-specials,2026-06-02T16:05:00-04:00,codex_phase_1k,routine,2026-06-02T16:05:00-04:00,2026-06-02T16:10:00-04:00,tier_1_official,https://www.italianbistronc.com/monkey-junction/specials/,,confirmed,Official Monkey Junction specials page supports Monday and Wednesday pizza specials.,,,verified,lead,approved,true,weekly_pizza_specials_found,public_deals_created,deal-italian-bistro-monkey-junction-monday-large-pizza-special;deal-italian-bistro-monkey-junction-wednesday-medium-pizza-special,fixtures/prototype/evidence/verified-static/src-italian-bistro-monkey-junction-specials.md,,app/public/evidence/source-screenshots/src-italian-bistro-monkey-junction-specials.png,sha256:d23870dc05af8266a8870abea867b6a1e9c3ec01efa7a92faba7afc74d770f46,codex_phase_1k,2026-06-02T16:10:00-04:00,Source check supports static prototype public food deals; alcohol language suppressed where applicable. Screenshot proof captured for app evidence preview.,2026-06-16,verified_static,false,Static prototype data. Deal availability is not live and must be confirmed against the listed evidence date.
chk-k38-independence-2026-06-02-food-specials,,k38-independence,src-k38-independence-specials,,,cap-k38-independence-2026-06-02-food-specials,2026-06-02T16:05:00-04:00,codex_phase_1k,routine,2026-06-02T16:05:00-04:00,2026-06-02T16:10:00-04:00,tier_1_official,https://k38bajagrill.com/locations/independence/,,confirmed,Official Independence page supports Monday and Wednesday food specials.,,,verified,lead,approved,true,weekly_food_specials_found,public_deals_created,deal-k38-independence-monday-5-food-specials;deal-k38-independence-wednesday-half-off-de-la-casa-quesadilla,fixtures/prototype/evidence/verified-static/src-k38-independence-specials.md,,app/public/evidence/source-screenshots/src-k38-independence-specials.png,sha256:1f384d0fc89508aa7d28510c55f676f02ebca0b6f01f540eb9bcf4cf0e8b1405,codex_phase_1k,2026-06-02T16:10:00-04:00,Source check supports static prototype public food deals; alcohol language suppressed where applicable. Screenshot proof captured for app evidence preview.,2026-06-16,verified_static,false,Static prototype data. Deal availability is not live and must be confirmed against the listed evidence date.
chk-true-blue-butcher-barrel-2026-06-02-weekly-deals,,true-blue-butcher-barrel,src-true-blue-butcher-barrel-primary,,,cap-true-blue-butcher-barrel-2026-06-02-weekly-deals,2026-06-02T16:35:00-04:00,codex_phase_1l,routine,2026-06-02T16:35:00-04:00,2026-06-02T16:40:00-04:00,tier_1_official,https://www.wearetrueblue.com/butcherandbarrel,,confirmed,"Official concept page supports Wednesday burgers, Thursday oysters, and Friday/Saturday bar snacks.",,,verified,lead,approved,true,weekly_food_specials_found,public_deals_created,deal-true-blue-butcher-barrel-wednesday-7-smash-burgers;deal-true-blue-butcher-barrel-thursday-1-raw-oysters;deal-true-blue-butcher-barrel-friday-saturday-5-bar-snacks,fixtures/prototype/evidence/verified-static/src-true-blue-butcher-barrel-primary.md,,app/public/evidence/source-screenshots/src-true-blue-butcher-barrel-primary.png,sha256:9a5dd9302ba74fabc773164cec043e3da2603b77a8f5b8716dfc5cf25432b8c3,codex_phase_1l,2026-06-02T16:40:00-04:00,Source check supports static prototype public food deals; alcohol-only specials suppressed. Screenshot proof captured for app evidence preview.,2026-06-16,verified_static,false,Static prototype data. Deal availability is not live and must be confirmed against the listed evidence date.
chk-coquina-fishbar-2026-06-02-friday-apps,,coquina-fishbar,src-coquina-fishbar-primary,,,cap-coquina-fishbar-2026-06-02-friday-apps,2026-06-02T16:35:00-04:00,codex_phase_1l,routine,2026-06-02T16:35:00-04:00,2026-06-02T16:40:00-04:00,tier_1_official,https://coquinafishbar.com/,,confirmed,Official homepage supports Friday half-priced apps in the bar and patio from 4 PM to 6 PM.,,,verified,lead,approved,true,friday_app_special_found,public_deal_created,deal-coquina-fishbar-friday-half-priced-apps,fixtures/prototype/evidence/verified-static/src-coquina-fishbar-primary.md,,app/public/evidence/source-screenshots/src-coquina-fishbar-primary.png,sha256:35a930e6527aa211a2f3f49cb345a410bb1bf5eb666cdef3c249ac29846eb8df,codex_phase_1l,2026-06-02T16:40:00-04:00,Source check supports static prototype public food deal; drink-special framing suppressed. Screenshot proof captured for app evidence preview.,2026-06-16,verified_static,false,Static prototype data. Deal availability is not live and must be confirmed against the listed evidence date.
chk-rebellion-nc-2026-06-02-daily-features,,rebellion-nc,src-rebellion-nc-daily-features,,,cap-rebellion-nc-2026-06-02-daily-features,2026-06-02T17:35:00-04:00,codex_phase_1n,routine,2026-06-02T17:35:00-04:00,2026-06-02T17:40:00-04:00,tier_1_official,https://rebellionnc.com/files/2025/03/DAILY-FEATURES-as-of-03.31.2025-01.jpg,,confirmed,"Official Daily Features image supports Monday burgers, Tuesday communal grub, and Wednesday wings.",200 image/jpeg,,verified,lead,approved,true,daily_features_found,public_deals_created,deal-rebellion-nc-monday-half-price-burgers;deal-rebellion-nc-tuesday-3-off-communal-grub;deal-rebellion-nc-wednesday-10-wings,fixtures/prototype/evidence/verified-static/src-rebellion-nc-daily-features.md,,app/public/evidence/source-screenshots/src-rebellion-nc-daily-features.png,sha256:e8461f11ffedb3d9cdd3a490da83af2f99a094d6d080aa9d789657bec520fedb,codex_phase_1n,2026-06-02T17:40:00-04:00,Source check supports static prototype public food deals; drink specials suppressed. Screenshot proof captured for app evidence preview.,2026-06-16,verified_static,false,Static prototype data. Deal availability is not live and must be confirmed against the listed evidence date.
chk-beer-barrio-2026-06-02-specials,,beer-barrio,src-beer-barrio-specials,,,cap-beer-barrio-2026-06-02-specials,2026-06-02T18:10:00-04:00,codex_phase_1o,routine,2026-06-02T18:10:00-04:00,2026-06-02T18:15:00-04:00,tier_1_official,https://beerbarrionc.com/specials,,confirmed,Official specials page supports Tuesday pulled pork tacos for $4 from 11 AM to 9 PM.,200 text/html,,verified,lead,approved,true,tuesday_taco_special_found,public_deal_created,deal-beer-barrio-tuesday-pork-tacos,fixtures/prototype/evidence/verified-static/src-beer-barrio-specials.md,,app/public/evidence/source-screenshots/src-beer-barrio-specials.png,sha256:19c88da04fce6c3b334b8d7b24e79dd6c1f67fa4a6634496f881757e72af81e5,codex_phase_1o,2026-06-02T18:15:00-04:00,Source check supports static prototype public food deal; drink specials suppressed. Screenshot proof captured for app evidence preview.,2026-06-09,verified_static,false,Static prototype data. Deal availability is not live and must be confirmed against the listed evidence date.
chk-shuckin-shack-wilmington-2026-06-02-oysters-wings,,shuckin-shack-wilmington,src-shuckin-shack-wilmington-oysters-wings-happy-hour,,,cap-shuckin-shack-wilmington-2026-06-02-oysters-wings,2026-06-02T18:10:00-04:00,codex_phase_1o,routine,2026-06-02T18:10:00-04:00,2026-06-02T18:15:00-04:00,tier_1_official,https://www.theshuckinshack.com/events/oysters-and-wings-happy-hour,,confirmed,"Official event page supports Monday-Thursday raw oysters, chargrilled oysters, and whole wings from 4 PM to 7 PM.",200 text/html,,verified,lead,approved,true,oysters_wings_happy_hour_found,public_deals_created,deal-shuckin-shack-wilmington-raw-oysters;deal-shuckin-shack-wilmington-chargrilled-oysters;deal-shuckin-shack-wilmington-whole-wings,fixtures/prototype/evidence/verified-static/src-shuckin-shack-wilmington-oysters-wings-happy-hour.md,,app/public/evidence/source-screenshots/src-shuckin-shack-wilmington-oysters-wings-happy-hour.png,sha256:6d6e5b7e186c94b1d72557bca62c5c2435bbcda3410d8062ebbe4d613f40d5a0,codex_phase_1o,2026-06-02T18:15:00-04:00,Source check supports static prototype public food deals; Wilmington-only restriction captured. Screenshot proof captured for app evidence preview. Visual evidence card used because browser screenshot reached source security verification.,2026-06-16,verified_static,false,Static prototype data. Deal availability is not live and must be confirmed against the listed evidence date.
chk-katys-grill-bar-2026-06-02-breakfast-specials,,katys-grill-bar,src-katys-grill-bar-weekly-specials,,,cap-katys-grill-bar-2026-06-02-breakfast-specials,2026-06-02T19:05:00-04:00,codex_phase_1p,routine,2026-06-02T19:05:00-04:00,2026-06-02T19:10:00-04:00,tier_1_official,https://katysbarandgrill.com/weekly-specials/,,confirmed,"Official weekly specials page supports Monday, Wednesday, and Thursday breakfast specials with exact prices and breakfast-special hours.",200 text/html,,verified,lead,approved,true,breakfast_specials_found,public_deals_created,deal-katys-grill-bar-monday-biscuits-gravy;deal-katys-grill-bar-wednesday-breakfast-bowl;deal-katys-grill-bar-thursday-french-toast-bacon,fixtures/prototype/evidence/verified-static/src-katys-grill-bar-weekly-specials.md,,app/public/evidence/source-screenshots/src-katys-grill-bar-weekly-specials.png,sha256:19a78f7a5c82bfce04eb380fcb4d8fc870301e05549f727bb0f36534b873bd80,codex_phase_1p,2026-06-02T19:10:00-04:00,Source check supports static prototype breakfast food deals; alcohol and bar framing suppressed. Screenshot proof captured for app evidence preview.,2026-06-16,verified_static,false,Static prototype data. Deal availability is not live and must be confirmed against the listed evidence date.
chk-cape-fear-seafood-monkey-junction-2026-06-02,,cape-fear-seafood-monkey-junction,src-cape-fear-seafood-monkey-junction-primary,,,cap-cape-fear-seafood-monkey-junction-2026-06-02,2026-06-02T23:30:00-04:00,codex_phase_1q,routine,2026-06-02T23:30:00-04:00,2026-06-02T23:35:00-04:00,tier_1_official,https://capefearseafoodcompany.com/locations/monkey-junction/,,confirmed,"Official Monkey Junction page lists 5226 S. College Road Suite 5, Wilmington NC and states 12 lunch specials under $15 are available daily until 4 PM.",,verified,verified,lead,approved,true,nearby_source_backlog_expanded,public_deal_created,deal-cape-fear-seafood-monkey-junction-daily-lunch-specials-under-15,fixtures/prototype/evidence/verified-static/src-cape-fear-seafood-monkey-junction-primary.md,,app/public/evidence/source-screenshots/src-cape-fear-seafood-monkey-junction-primary.png,sha256:44433fdedb29c46f4767f6ea2d7fb9cce60d4fafb79289f09a4463bede4c34a4,codex_phase_1q,2026-06-02T23:35:00-04:00,Source check supports static prototype food deals; alcohol copy suppressed where present.,2026-06-16,verified_static,false,Static prototype data. Deal availability is not live and must be confirmed against the listed evidence date.
chk-blue-surf-cafe-2026-06-02,,blue-surf-cafe,src-blue-surf-cafe-primary,,,cap-blue-surf-cafe-2026-06-02,2026-06-02T23:30:00-04:00,codex_phase_1q,routine,2026-06-02T23:30:00-04:00,2026-06-02T23:35:00-04:00,tier_1_official,https://bluesurfrestaurants.com/menu/,,confirmed,"Official Blue Surf Cafe menu page lists 250 Racine Drive, Wilmington NC and weekly dinner food specials including Tuesday 2 for $20 sandwiches, Wednesday $5 kids menu items, Thursday $2 off flatbreads, and Friday $2 off entrees from 4-9 PM where stated.",,verified,verified,lead,approved,true,nearby_source_backlog_expanded,public_deal_created,deal-blue-surf-cafe-tuesday-2-for-20-sandwiches;deal-blue-surf-cafe-wednesday-5-kids-menu-items;deal-blue-surf-cafe-thursday-2-off-flatbreads;deal-blue-surf-cafe-friday-2-off-entrees,fixtures/prototype/evidence/verified-static/src-blue-surf-cafe-primary.md,,app/public/evidence/source-screenshots/src-blue-surf-cafe-primary.png,sha256:f9a3b577d4139c1dc210cf6d1ca900e78cf8aa93c63414ea3a48d680f71610e5,codex_phase_1q,2026-06-02T23:35:00-04:00,Source check supports static prototype food deals; alcohol copy suppressed where present.,2026-06-16,verified_static,false,Static prototype data. Deal availability is not live and must be confirmed against the listed evidence date.
chk-whiskey-trail-2026-06-02,,whiskey-trail,src-whiskey-trail-primary,,,cap-whiskey-trail-2026-06-02,2026-06-02T23:30:00-04:00,codex_phase_1q,routine,2026-06-02T23:30:00-04:00,2026-06-02T23:35:00-04:00,tier_1_official,https://whiskeytrailsportspub.com/wilmington-whiskey-trail-happy-hours-specials/,,confirmed,"Official Whiskey Trail specials page lists Masonboro and Midtown Wilmington locations, dine-in only specials, Wednesday 10 wings for $10, and Thursday $3 off all burgers.",,verified,verified,lead,approved,true,nearby_source_backlog_expanded,public_deal_created,deal-whiskey-trail-wednesday-10-wings-for-10;deal-whiskey-trail-thursday-3-off-burgers,fixtures/prototype/evidence/verified-static/src-whiskey-trail-primary.md,,app/public/evidence/source-screenshots/src-whiskey-trail-primary.png,sha256:b2dcad3e8638d298b4ee9f951136f57111e07927bc525ae382cfec2f0c441775,codex_phase_1q,2026-06-02T23:35:00-04:00,Source check supports static prototype food deals; alcohol copy suppressed where present.,2026-06-16,verified_static,false,Static prototype data. Deal availability is not live and must be confirmed against the listed evidence date.
chk-k38-oleander-2026-06-02,,k38-oleander,src-k38-oleander-primary,,,cap-k38-oleander-2026-06-02,2026-06-02T23:30:00-04:00,codex_phase_1q,routine,2026-06-02T23:30:00-04:00,2026-06-02T23:35:00-04:00,tier_1_official,https://k38bajagrill.com/locations/oleander/,,confirmed,"Official K38 Oleander page lists 5410 Oleander Drive, Wilmington NC, Monday Everything $5 food items, Wednesday half off De La Casa quesadilla, and states food specials start at 5 PM and are dine-in only.",,verified,verified,lead,approved,true,nearby_source_backlog_expanded,public_deal_created,deal-k38-oleander-monday-everything-5;deal-k38-oleander-wednesday-half-off-quesadilla,fixtures/prototype/evidence/verified-static/src-k38-oleander-primary.md,,app/public/evidence/source-screenshots/src-k38-oleander-primary.png,sha256:aa358dc2ba535a8dd9587ac886315c55b5cd90d9c4d91508ebb93b81d25280e9,codex_phase_1q,2026-06-02T23:35:00-04:00,Source check supports static prototype food deals; alcohol copy suppressed where present.,2026-06-16,verified_static,false,Static prototype data. Deal availability is not live and must be confirmed against the listed evidence date.
chk-sp-bella-cucina-weekly-lunch-specials-2026-06-03,deal-sp-bella-cucina-weekly-lunch-specials,bella-cucina,src-sp-bella-cucina-weekly-lunch-specials,,,cap-sp-bella-cucina-weekly-lunch-specials-2026-06-03,2026-06-03T14:38:00-04:00,user_human_review_2026-06-03,manual_web_review,2026-06-03T14:38:00-04:00,2026-06-03T14:38:00-04:00,tier_1_official,https://www.belladiningnc.com/weekly-lunch-specials,,confirmed,Official Bella Cucina page lists day-specific weekly lunch specials and Southport lunch hours.,200,,verified,,approved,false,,approved_for_southport_prototype,deal-sp-bella-cucina-weekly-lunch-specials,fixtures/prototype/evidence/verified-static/src-sp-bella-cucina-weekly-lunch-specials.md,fixtures/prototype/evidence/verified-static/src-sp-bella-cucina-weekly-lunch-specials.md,app/public/evidence/source-screenshots/src-sp-bella-cucina-weekly-lunch-specials.png,sha256:278c96158c2d3772166b04be519e6afc1bde5ff8d0c64b4cd3b8b5093d3e3aa1,user_human_review_2026-06-03,2026-06-03T18:00:00-04:00,Human-reviewed and approved for Southport static prototype.,2026-06-17,verified_static,false,Static prototype data. Deal availability is not live and must be confirmed against the listed evidence date.
chk-sp-provision-company-lunch-special-2026-06-03,deal-sp-provision-company-lunch-special,provision-company,src-sp-provision-company-lunch-special,,,cap-sp-provision-company-lunch-special-2026-06-03,2026-06-03T14:38:00-04:00,user_human_review_2026-06-03,manual_web_review,2026-06-03T14:38:00-04:00,2026-06-03T14:38:00-04:00,tier_1_official,https://provisioncompany.com/menu/,,confirmed,"Official Provision Company menu lists lunch special details, hours, price, and Southport restaurant identity.",200,,verified,,approved,false,,approved_for_southport_prototype,deal-sp-provision-company-lunch-special,fixtures/prototype/evidence/verified-static/src-sp-provision-company-lunch-special.md,fixtures/prototype/evidence/verified-static/src-sp-provision-company-lunch-special.md,app/public/evidence/source-screenshots/src-sp-provision-company-lunch-special.png,sha256:ecf6ee2999243fed47151a46f19130a3bdf9663d398ca55f48980751127f4484,user_human_review_2026-06-03,2026-06-03T18:00:00-04:00,Human-reviewed and approved for Southport static prototype.,2026-06-17,verified_static,false,Static prototype data. Deal availability is not live and must be confirmed against the listed evidence date.
chk-sp-asian-taste-lunch-special-2026-06-03,deal-sp-asian-taste-lunch-special,asian-taste,src-sp-asian-taste-lunch-special,,,cap-sp-asian-taste-lunch-special-2026-06-03,2026-06-03T15:10:00-04:00,user_human_review_2026-06-03,manual_web_review,2026-06-03T15:10:00-04:00,2026-06-03T15:10:00-04:00,tier_1_official,https://www.asiantastenc.com/y1j30nsx/restaurant/order-online?menu=Lunch+Menu,,confirmed,"Official ordering menu confirms Southport address, lunch-special schedule, representative prices, pickup availability, and delivery disabled status.",200,,verified,,approved,false,,approved_for_southport_prototype,deal-sp-asian-taste-lunch-special,fixtures/prototype/evidence/verified-static/src-sp-asian-taste-lunch-special.md,fixtures/prototype/evidence/verified-static/src-sp-asian-taste-lunch-special.md,app/public/evidence/source-screenshots/src-sp-asian-taste-lunch-special.png,sha256:0ee452fc73ce87b854ebd815e498bdf21e78aabb79f8c16c5d432562e0e26efa,user_human_review_2026-06-03,2026-06-03T18:00:00-04:00,Human-reviewed and approved for Southport static prototype.,2026-06-17,verified_static,false,Static prototype data. Deal availability is not live and must be confirmed against the listed evidence date.
chk-sp-island-way-early-evening-dinner-menu-2026-06-03,deal-sp-island-way-early-evening-dinner-menu,island-way,src-sp-island-way-early-evening-dinner-menu,,,cap-sp-island-way-early-evening-dinner-menu-2026-06-03,2026-06-03T14:38:00-04:00,user_human_review_2026-06-03,manual_web_review,2026-06-03T14:38:00-04:00,2026-06-03T14:38:00-04:00,tier_1_official,https://islandwayres.com/early-evening-dinner-menu/,,confirmed,"Official Island Way page lists early evening menu timing, current pricing, seating cutoff, and Oak Island address.",200,,verified,,approved,false,,approved_for_southport_prototype,deal-sp-island-way-early-evening-dinner-menu,fixtures/prototype/evidence/verified-static/src-sp-island-way-early-evening-dinner-menu.md,fixtures/prototype/evidence/verified-static/src-sp-island-way-early-evening-dinner-menu.md,app/public/evidence/source-screenshots/src-sp-island-way-early-evening-dinner-menu.png,sha256:fba4b7243428e59dc31883ff100387b8065dad614368ba99dd399f5b8a01a093,user_human_review_2026-06-03,2026-06-03T18:00:00-04:00,Human-reviewed and approved for Southport static prototype.,2026-06-17,verified_static,false,Static prototype data. Deal availability is not live and must be confirmed against the listed evidence date.
chk-sp-frying-pan-restaurant-ayce-crab-legs-2026-06-03,deal-sp-frying-pan-restaurant-ayce-crab-legs,frying-pan-restaurant,src-sp-frying-pan-restaurant-ayce-crab-legs,,,cap-sp-frying-pan-restaurant-ayce-crab-legs-2026-06-03,2026-06-03T14:38:00-04:00,user_human_review_2026-06-03,manual_web_review,2026-06-03T14:38:00-04:00,2026-06-03T14:38:00-04:00,tier_1_official,https://fryingpansouthport.com/faq-items/what-are-your-hours/,,confirmed,"Official Frying Pan FAQ lists the 2026 crab legs special, Wednesday schedule, start time, and Southport location.",200,,verified,,approved,false,,approved_for_southport_prototype,deal-sp-frying-pan-restaurant-ayce-crab-legs,fixtures/prototype/evidence/verified-static/src-sp-frying-pan-restaurant-ayce-crab-legs.md,fixtures/prototype/evidence/verified-static/src-sp-frying-pan-restaurant-ayce-crab-legs.md,app/public/evidence/source-screenshots/src-sp-frying-pan-restaurant-ayce-crab-legs.png,sha256:17f55276880e40b90e50551db3764410ba0d209b3b83373b95aa56074e57bd62,user_human_review_2026-06-03,2026-06-03T18:00:00-04:00,Human-reviewed and approved for Southport static prototype.,2026-06-17,verified_static,false,Static prototype data. Deal availability is not live and must be confirmed against the listed evidence date.
chk-sp-san-felipe-lunch-special-combos-2026-06-03,deal-sp-san-felipe-lunch-special-combos,san-felipe-mexican-restaurant,src-sp-san-felipe-lunch-special-combos,,,cap-sp-san-felipe-lunch-special-combos-2026-06-03,2026-06-03T19:00:00-04:00,user_human_review_2026-06-03,manual_web_review,2026-06-03T19:00:00-04:00,2026-06-03T19:00:00-04:00,tier_1_official,https://www.sanfelipenc.com/menu,,confirmed,"Official San Felipe menu page links Q2 2026 lunch PDF; PDF confirms Mon-Fri 11 AM-3 PM, 10 numbered combos at $9.99, two Southport NC locations.",200,probable,verified,needs_review,approved,false,,approved_for_southport_prototype,deal-sp-san-felipe-lunch-special-combos,fixtures/prototype/evidence/verified-static/src-sp-san-felipe-lunch-special-combos.md,fixtures/prototype/evidence/verified-static/src-sp-san-felipe-lunch-special-combos.md,app/public/evidence/source-screenshots/src-sp-san-felipe-lunch-special-combos.png,sha256:0b4a6fcf9d85fbfa97ac92da8ac5d99a8f7d1602e1725b4ace19fc9e59fc7ada,user_human_review_2026-06-03,2026-06-03T19:00:00-04:00,Agent verified PDF accessible; human reviewer approved.,2026-07-01,verified_static,false,Static prototype data. Deal availability is not live and must be confirmed against the listed evidence date.
chk-cb-fentonis-daily-specials-2026-06-03,deal-cb-fentonis-lunch-special,fentonis-pizza,src-cb-fentonis-daily-specials,,,cap-cb-fentonis-daily-specials-2026-06-03,2026-06-03T14:38:00-04:00,user_human_review_2026-06-03,manual_web_review,2026-06-03T14:38:00-04:00,2026-06-03T14:38:00-04:00,tier_1_official,https://fentonispizza.com/daily-specials,,confirmed,"Official Fentoni's page lists weekday lunch special, price, time window, dine-in restriction, and Publix location.",200,,verified,,approved,false,,approved_for_carolina_beach_wilmington_scope,deal-cb-fentonis-lunch-special,fixtures/prototype/evidence/verified-static/src-cb-fentonis-daily-specials.md,fixtures/prototype/evidence/verified-static/src-cb-fentonis-daily-specials.md,app/public/evidence/source-screenshots/src-cb-fentonis-daily-specials.png,sha256:47617aaf5b014b0b8ddd46468ebca69767232b304aab994e84cab21a1428e964,user_human_review_2026-06-03,2026-06-03T20:00:00-04:00,Human-reviewed and approved for Carolina Beach / Wilmington broad scope.,2026-06-17,verified_static,false,Static prototype data. Deal availability is not live and must be confirmed against the listed evidence date.
chk-cb-k38-location-2026-06-03,deal-cb-k38-cinco-de-monday,k38-baja-grill,src-cb-k38-location,,,cap-cb-k38-location-2026-06-03,2026-06-03T14:38:00-04:00,user_human_review_2026-06-03,manual_web_review,2026-06-03T14:38:00-04:00,2026-06-03T14:38:00-04:00,tier_1_official,https://k38bajagrill.com/locations/carolina-beach/,,confirmed,Official K38 Carolina Beach page lists location-specific Monday $5 food specials and Wednesday half-off De La Casa quesadillas with dine-in restriction.,200,,verified,,approved,false,,approved_for_carolina_beach_wilmington_scope,deal-cb-k38-cinco-de-monday;deal-cb-k38-quesadilla-wednesday,fixtures/prototype/evidence/verified-static/src-cb-k38-location.md,fixtures/prototype/evidence/verified-static/src-cb-k38-location.md,app/public/evidence/source-screenshots/src-cb-k38-location.png,sha256:d282f0bef2b2a1371a355e4fb1e6499d884028623e33aea84bbf9a8812248737,user_human_review_2026-06-03,2026-06-03T20:00:00-04:00,Human-reviewed and approved for Carolina Beach / Wilmington broad scope; one source check supports Monday and Wednesday K38 food specials.,2026-06-17,verified_static,false,Static prototype data. Deal availability is not live and must be confirmed against the listed evidence date.
chk-cb-hoplite-brunch-2026-06-03,deal-cb-hoplite-sunday-brunch,hoplite-irish-pub-restaurant,src-cb-hoplite-brunch,,,cap-cb-hoplite-brunch-2026-06-03,2026-06-03T14:38:00-04:00,user_human_review_2026-06-03,manual_web_review,2026-06-03T14:38:00-04:00,2026-06-03T14:38:00-04:00,tier_1_official,https://hopliterestaurant.com/brunch-menu/,,confirmed,Official HopLite brunch menu lists Sunday brunch hours and breakfast specials with prices.,200,,verified,,approved,false,,approved_for_carolina_beach_wilmington_scope,deal-cb-hoplite-sunday-brunch,fixtures/prototype/evidence/verified-static/src-cb-hoplite-brunch.md,fixtures/prototype/evidence/verified-static/src-cb-hoplite-brunch.md,app/public/evidence/source-screenshots/src-cb-hoplite-brunch.png,sha256:72e781223a5a969dff38490b37cdb1a9e4ff6e3feb21f5c98a8f7c314947ec51,user_human_review_2026-06-03,2026-06-03T20:00:00-04:00,Human-reviewed and approved for Carolina Beach / Wilmington broad scope.,2026-06-17,verified_static,false,Static prototype data. Deal availability is not live and must be confirmed against the listed evidence date.
chk-sp-pepperoni-grill-oak-island-specials-2026-06-03,deal-sp-pepperoni-grill-monday-pizza-special,pepperoni-grill-oak-island,src-sp-pepperoni-grill-oak-island-specials,,,cap-sp-pepperoni-grill-oak-island-specials-2026-06-03,2026-06-03T20:30:00-04:00,user_human_review_2026-06-03,manual_web_review,2026-06-03T20:30:00-04:00,2026-06-03T20:30:00-04:00,tier_1_official,https://pepperonigrillnc.com/oak-island/,,confirmed,Official Pepperoni Grill Oak Island page lists Monday and Thursday food specials with prices and confirms Oak Island location and hours.,200,probable,verified,needs_review,approved,false,,approved_for_southport_prototype,deal-sp-pepperoni-grill-monday-pizza-special;deal-sp-pepperoni-grill-thursday-pizza-wings-special,fixtures/prototype/evidence/verified-static/src-sp-pepperoni-grill-oak-island-specials.md,fixtures/prototype/evidence/verified-static/src-sp-pepperoni-grill-oak-island-specials.md,app/public/evidence/source-screenshots/src-sp-pepperoni-grill-oak-island-specials.png,sha256:40e2bfcc09f1f19dc20e6e1c8170b26edc4e826e721626edcf20ad63fa7aba0c,user_human_review_2026-06-03,2026-06-03T20:45:00-04:00,Human-reviewed and approved for Southport static prototype.,2026-06-17,verified_static,false,Static prototype data. Deal availability is not live and must be confirmed against the listed evidence date.
chk-sp-bbq-house-oak-island-lunch-specials-2026-06-03,deal-sp-bbq-house-oak-island-lunch-specials,bbq-house-oak-island,src-sp-bbq-house-oak-island-lunch-specials,,,cap-sp-bbq-house-oak-island-lunch-specials-2026-06-03,2026-06-03T22:30:00-04:00,user_human_review_2026-06-03,manual_web_review,2026-06-03T22:30:00-04:00,2026-06-03T22:30:00-04:00,tier_1_official,https://oki.bestbbqonthebeach.com/food-menu,,confirmed,Official BBQ House Oak Island food menu lists lunch specials available daily from 11 AM until 3 PM with prices and restrictions.,200,probable,verified,needs_review,approved,false,,approved_for_southport_prototype,deal-sp-bbq-house-oak-island-lunch-specials,fixtures/prototype/evidence/verified-static/src-sp-bbq-house-oak-island-lunch-specials.md,fixtures/prototype/evidence/verified-static/src-sp-bbq-house-oak-island-lunch-specials.md,app/public/evidence/source-screenshots/src-sp-bbq-house-oak-island-lunch-specials.png,sha256:23459d0f38586646f87bbad2cffc50235fc1c3db10528ff223675c49c52d2b0a,user_human_review_2026-06-03,2026-06-03T22:45:00-04:00,Human-reviewed and approved for Southport static prototype.,2026-06-17,verified_static,false,Static prototype data. Deal availability is not live and must be confirmed against the listed evidence date.
chk-sp-swain-seafood-shack-lasagna-night-2026-06-03,deal-sp-swain-seafood-shack-lasagna-night,swain-seafood-shack,src-sp-swain-seafood-shack-lasagna-night,,,cap-sp-swain-seafood-shack-lasagna-night-2026-06-03,2026-06-03T22:30:00-04:00,user_human_review_2026-06-03,manual_web_review,2026-06-03T22:30:00-04:00,2026-06-03T22:30:00-04:00,tier_1_official,https://www.swainseafoodshack.com/faq,,confirmed,Official Swain FAQ lists Thursday Night Lasagna Night with price and sides; official homepage lists dinner hours and Oak Island location.,200,probable,verified,needs_review,approved,false,,approved_for_southport_prototype,deal-sp-swain-seafood-shack-lasagna-night,fixtures/prototype/evidence/verified-static/src-sp-swain-seafood-shack-lasagna-night.md,fixtures/prototype/evidence/verified-static/src-sp-swain-seafood-shack-lasagna-night.md,app/public/evidence/source-screenshots/src-sp-swain-seafood-shack-lasagna-night.png,sha256:7b63179a35fdd4a628e7f3ca19ce2ff67f675214e3a2a9818028faa5dead0655,user_human_review_2026-06-03,2026-06-03T22:45:00-04:00,Human-reviewed and approved for Southport static prototype.,2026-06-17,verified_static,false,Static prototype data. Deal availability is not live and must be confirmed against the listed evidence date.
chk-wilmington-2026-06-13-k38-porters-neck-official,,k38-porters-neck,src-k38-porters-neck-primary,,,cap-wilmington-2026-06-13-k38-porters-neck-official,2026-06-13T11:30:00-04:00,codex_phase_1r,routine,2026-06-13T09:45:00-04:00,2026-06-13T11:30:00-04:00,tier_1_official,https://k38bajagrill.com/locations/porters-neck/,,confirmed,Official K38 Porters Neck page supports Monday and Wednesday food specials; alcohol copy suppressed.,,verified,verified,lead,approved,true,source_capture;candidate_promotion,public_deals_created,deal-wilmington-k38-porters-neck-monday-5-food-items;deal-wilmington-k38-porters-neck-wednesday-quesadilla,fixtures/prototype/evidence/verified-static/src-k38-porters-neck-primary.md,,app/public/evidence/source-screenshots/src-k38-porters-neck-primary.png,sha256:3b0fc63b2c9ad82ddfe8844e7b10d48efee1b195e1677bcae5b0664150877c1c,codex_phase_1r,2026-06-13T11:30:00-04:00,Source check supports static prototype public food deals; alcohol copy suppressed where present.,2026-07-13,verified_static,false,Static prototype data. Deal availability is not live and must be confirmed against the listed evidence date.
chk-wilmington-2026-06-13-k38-forum-official,,k38-forum,src-k38-forum-primary,,,cap-wilmington-2026-06-13-k38-forum-official,2026-06-13T11:30:00-04:00,codex_phase_1r,routine,2026-06-13T09:45:00-04:00,2026-06-13T11:30:00-04:00,tier_1_official,https://k38bajagrill.com/locations/forum/,,confirmed,Official K38 Forum page supports Monday and Wednesday food specials; alcohol copy suppressed.,,verified,verified,lead,approved,true,source_capture;candidate_promotion,public_deals_created,deal-wilmington-k38-forum-monday-5-food-items;deal-wilmington-k38-forum-wednesday-quesadilla,fixtures/prototype/evidence/verified-static/src-k38-forum-primary.md,,app/public/evidence/source-screenshots/src-k38-forum-primary.png,sha256:344d82b3716beb8d399da7e4efebf298933dcb857cbc3cf9d223ab1d305fa42f,codex_phase_1r,2026-06-13T11:30:00-04:00,Source check supports static prototype public food deals; alcohol copy suppressed where present.,2026-07-13,verified_static,false,Static prototype data. Deal availability is not live and must be confirmed against the listed evidence date.
chk-wilmington-2026-06-13-fire-bowl-lunch-specials,deal-wilmington-fire-bowl-lunch-special,fire-bowl,src-fire-bowl-lunch-specials,,,cap-wilmington-2026-06-13-fire-bowl-lunch-specials,2026-06-13T12:10:00-04:00,codex_phase_1s,routine,2026-06-13T10:05:00-04:00,2026-06-13T12:10:00-04:00,tier_1_official,http://www.firebowlwilmington.com/catalog.aspx?cid=1,needs_review,confirmed,"Official Fire Bowl lunch special page lists Lunch Special from Mon.-Sat. 11:00 am-3:00 pm, served with fried rice, with $7.75 chicken/beef/vegetable lunch items, $7.95 shrimp lunch items, and $8.55 chicken wing lunch.",200 text/html,unverified,verified,lead,approved,true,source_capture;candidate_promotion,public_deals_created,deal-wilmington-fire-bowl-lunch-special,fixtures/prototype/evidence/verified-static/src-fire-bowl-lunch-specials.md,,app/public/evidence/source-screenshots/src-fire-bowl-lunch-specials.png,sha256:bea8a8277b6d3176e1c949bd37a4567cf132efbfee88d5d78a36380bfb64d9dd,codex_phase_1s,2026-06-13T12:10:00-04:00,Source check supports static prototype public food deal; source-specific caveats are retained in restriction notes.,2026-07-13,verified_static,false,Static prototype data. Deal availability is not live and must be confirmed against the listed evidence date.
chk-wilmington-2026-06-13-melting-pot-events,deal-wilmington-melting-pot-thursdate,melting-pot-wilmington,src-melting-pot-wilmington-events,,,cap-wilmington-2026-06-13-melting-pot-events,2026-06-13T12:10:00-04:00,codex_phase_1s,routine,2026-06-13T10:40:00-04:00,2026-06-13T12:10:00-04:00,tier_1_official,https://www.meltingpot.com/wilmington-nc/melting-pot-events.aspx,needs_review,confirmed,Official Wilmington events page lists Thursday Thursdate four-course dinner for $59 per person with minimum purchase of two and Monday Military Mondays up to 25% off all food for active duty reserve and retired military.,200 text/html,unverified,verified,lead,approved,true,source_capture;candidate_promotion,public_deals_created,deal-wilmington-melting-pot-thursdate;deal-wilmington-melting-pot-military-monday,fixtures/prototype/evidence/verified-static/src-melting-pot-wilmington-events.md,,app/public/evidence/source-screenshots/src-melting-pot-wilmington-events.png,sha256:c0ab8454147d296a50ba9e52f4a6a1519495714cd90cca1fa4c1343c973d8325,codex_phase_1s,2026-06-13T12:10:00-04:00,Source check supports static prototype public food deal; source-specific caveats are retained in restriction notes.,2026-07-13,verified_static,false,Static prototype data. Deal availability is not live and must be confirmed against the listed evidence date.
chk-wilmington-2026-06-13-south-front-verification-sweep,deal-wilmington-south-front-mon-fri-5-bar-bites,south-front-tavern,src-south-front-tavern-primary,,,cap-wilmington-2026-06-13-south-front-verification-sweep,2026-06-13T14:15:00-04:00,codex_phase_1t,routine,2026-06-13T14:15:00-04:00,2026-06-13T14:15:00-04:00,tier_1_official,https://www.southfronttavern.com/,lead,confirmed,Official South Front Tavern homepage confirms Wilmington address and weekly specials including Mon-Fri $5 Happy Hour Bar Bites 4-6 PM at bar and outside high tops; alcohol copy excluded.,200 text/html,unverified,verified,lead,approved,true,source_capture;public_review_approval;fixture_mapping,public_deal_created,deal-wilmington-south-front-mon-fri-5-bar-bites,fixtures/prototype/evidence/verified-static/src-south-front-tavern-primary-2026-06-13.md,,app/public/evidence/source-screenshots/src-south-front-tavern-primary.png,sha256:03889e82662ded6dc6a68a503dff53a3416696067227d79a654f01e34c634fc8,codex_phase_1t,2026-06-13T16:15:00-04:00,Source check supports Phase 1T static prototype public deal; food-only copy approved.,2026-06-27,verified_static,false,Static prototype data. Deal availability is not live and must be confirmed against the listed evidence date.
chk-wilmington-2026-06-13-caprice-verification-sweep,deal-wilmington-caprice-wednesday-charcuterie,caprice-bistro,src-caprice-bistro-primary,,,cap-wilmington-2026-06-13-caprice-verification-sweep,2026-06-13T14:15:00-04:00,codex_phase_1t,routine,2026-06-13T14:15:00-04:00,2026-06-13T14:15:00-04:00,tier_1_official,https://www.capricebistro.com/weekly-specials,lead,confirmed,Official Caprice Bistro weekly specials page confirms Wilmington address and Date Night a Deux Wednesdays shared fromage and charcuterie board for $15; wine copy excluded.,200 text/html,unverified,verified,lead,approved,true,source_capture;public_review_approval;fixture_mapping,public_deal_created,deal-wilmington-caprice-wednesday-charcuterie,fixtures/prototype/evidence/verified-static/src-caprice-bistro-primary-2026-06-13.md,,app/public/evidence/source-screenshots/src-caprice-bistro-primary.png,sha256:e61932dcad6d7aab6b54808bfe88dc83d99b70c2a3b07c84d0d75a3b4d89e534,codex_phase_1t,2026-06-13T16:15:00-04:00,Source check supports Phase 1T static prototype public deal; food-only copy approved.,2026-06-27,verified_static,false,Static prototype data. Deal availability is not live and must be confirmed against the listed evidence date.
chk-wilmington-2026-06-13-beer-verification-sweep,deal-wilmington-beer-barrio-2026-06-16-pork-tacos,beer-barrio,src-beer-barrio-specials,,,cap-wilmington-2026-06-13-beer-verification-sweep,2026-06-13T14:15:00-04:00,codex_phase_1t,routine,2026-06-13T14:15:00-04:00,2026-06-13T14:15:00-04:00,tier_1_official,https://beerbarrionc.com/specials,lead,confirmed,Official Beer Barrio specials page checked 2026-06-13 lists Tuesday June 16 Pork Taco Tuesdays with pulled pork tacos for $4; alcohol copy excluded.,200 text/html,unverified,verified,lead,approved,true,source_capture;public_review_approval;fixture_mapping,public_deal_created,deal-wilmington-beer-barrio-2026-06-16-pork-tacos,fixtures/prototype/evidence/verified-static/src-beer-barrio-specials-2026-06-13.md,,app/public/evidence/source-screenshots/src-beer-barrio-specials.png,sha256:bb65144681ac7ef9eb336f65f34b56767d5be8168182a8189765cff20b55cc3a,codex_phase_1t,2026-06-13T16:15:00-04:00,Source check supports Phase 1T static prototype public deal; food-only copy approved.,2026-06-16,verified_static,false,Static prototype data. Deal availability is not live and must be confirmed against the listed evidence date.
chk-wilmington-2026-06-13-ponysaurus-verification-sweep,deal-wilmington-ponysaurus-thursday-5-flat-breads,ponysaurus-wilmington,src-ponysaurus-wilmington-primary,,,cap-wilmington-2026-06-13-ponysaurus-verification-sweep,2026-06-13T14:45:00-04:00,codex_phase_1t,routine,2026-06-13T14:45:00-04:00,2026-06-13T14:45:00-04:00,tier_1_official,https://www.ponysaurusbrewing.com/ilm,lead,confirmed,Official Ponysaurus Wilmington page supports Thursday $5 flat breads from 5 PM to 10 PM; existing public fixture covers Monday-Wednesday only.,200 text/html,unverified,verified,lead,approved,true,source_capture;public_review_approval;fixture_mapping,public_deal_created,deal-wilmington-ponysaurus-thursday-5-flat-breads,fixtures/prototype/evidence/verified-static/src-ponysaurus-wilmington-primary-2026-06-13.md,,app/public/evidence/source-screenshots/src-ponysaurus-wilmington-primary.png,sha256:82bee04b355f6256351aac61da6e29e020b37ca3e246c23f4ddf2e0f081b2cda,codex_phase_1t,2026-06-13T16:15:00-04:00,Source check supports Phase 1T static prototype public deal; food-only copy approved.,2026-06-27,verified_static,false,Static prototype data. Deal availability is not live and must be confirmed against the listed evidence date.
chk-wilmington-2026-06-13-prost-specials-official,deal-wilmington-prost-2026-06-16-smash-burger,prost-biergarten,src-prost-biergarten-primary,,,cap-wilmington-2026-06-13-prost-specials-official,2026-06-13T09:45:00-04:00,codex_phase_1u,routine,2026-06-13T09:45:00-04:00,2026-06-13T09:45:00-04:00,tier_1_official,https://prostilm.com/wilmington-downtown-prost-biergarten-happy-hours-specials,needs_review,confirmed,"Official Prost specials page checked 2026-06-13 lists current date-windowed lunch food specials: Tuesday June 16 smash burger lunch special $10 from 11 AM to 4 PM, Wednesday June 17 Reuben lunch special $15 from 11 AM to 4 PM, and Thursday June 18 pierogies lunch special from 11 AM to 4 PM with no visible price. Alcohol copy is excluded.",200 text/html,unverified,verified,lead,approved,true,source_capture;public_review_approval;fixture_mapping,public_deals_created,deal-wilmington-prost-2026-06-16-smash-burger;deal-wilmington-prost-2026-06-17-reuben,fixtures/prototype/evidence/verified-static/src-prost-biergarten-primary-2026-06-13.md,,app/public/evidence/source-screenshots/src-prost-biergarten-primary-2026-06-13.png,sha256:32732e19d2b8c782cee3e0c95626d4347604e50bbc4df23b6ea42bf78c5cd950,codex_phase_1u,2026-06-13T16:45:00-04:00,Source check supports Phase 1U static prototype public deal(s); food-only copy approved.,2026-06-16,verified_static,false,Static prototype data. Deal availability is not live and must be confirmed against the listed evidence date.
chk-wilmington-2026-06-13-lucky-star-lunch-specials,deal-wilmington-lucky-star-lunch-special,lucky-star-oleander,src-lucky-star-oleander-menu,,,cap-wilmington-2026-06-13-lucky-star-lunch-specials,2026-06-13T10:40:00-04:00,codex_phase_1u,routine,2026-06-13T10:40:00-04:00,2026-06-13T10:40:00-04:00,tier_1_official,https://www.luckystar-nc.com/menu,needs_review,confirmed,Restaurant-branded ordering page confirms Wilmington address and lists Lunch Special Mon-Sun 11:00 am-3:00 pm served with roast pork fried rice; visible lunch items are $8.99.,200 text/html,unverified,verified,lead,approved,true,source_capture;public_review_approval;fixture_mapping,public_deals_created,deal-wilmington-lucky-star-lunch-special,fixtures/prototype/evidence/verified-static/src-lucky-star-oleander-menu-2026-06-13.md,,app/public/evidence/source-screenshots/src-lucky-star-oleander-menu-2026-06-13.png,sha256:79a8eaad002e6337a0ec5862c8dabfbda418935665477738222f71d9f54f8502,codex_phase_1u,2026-06-13T16:45:00-04:00,Source check supports Phase 1U static prototype public deal(s); food-only copy approved.,2026-06-27,verified_static,false,Static prototype data. Deal availability is not live and must be confirmed against the listed evidence date.
chk-wilmington-2026-06-13-ming-wok-lunch-specials,deal-wilmington-ming-wok-lunch-special,ming-wok-carolina-beach-rd,src-ming-wok-carolina-beach-rd-menu,,,cap-wilmington-2026-06-13-ming-wok-lunch-specials,2026-06-13T10:40:00-04:00,codex_phase_1u,routine,2026-06-13T10:40:00-04:00,2026-06-13T10:40:00-04:00,tier_1_official,https://order.mingwoknc.com/menu,needs_review,confirmed,"Restaurant-branded ordering page confirms Wilmington address and lists Chinese Entrees Lunch Special 11:00am-3:00pm with free can soda and white rice or fried rice; chicken and pork items start at $9.89, beef items at $10.59, shrimp items at $10.79-$10.89.",200 text/html,unverified,verified,lead,approved,true,source_capture;public_review_approval;fixture_mapping,public_deals_created,deal-wilmington-ming-wok-lunch-special,fixtures/prototype/evidence/verified-static/src-ming-wok-carolina-beach-rd-menu-2026-06-13.md,,app/public/evidence/source-screenshots/src-ming-wok-carolina-beach-rd-menu-2026-06-13.png,sha256:4f55ed1fd8e803598c2a0404ea11cfde19f940c8d9d1f24554538468989320ab,codex_phase_1u,2026-06-13T16:45:00-04:00,Source check supports Phase 1U static prototype public deal(s); food-only copy approved.,2026-06-27,verified_static,false,Static prototype data. Deal availability is not live and must be confirmed against the listed evidence date.
chk-wilmington-2026-06-13-katys-weekly-specials,deal-wilmington-katys-monday-philly-cheesesteak,katys-grill-bar,src-katys-grill-bar-weekly-specials,,,cap-wilmington-2026-06-13-katys-weekly-specials,2026-06-13T13:15:00-04:00,codex_phase_1u,routine,2026-06-13T13:15:00-04:00,2026-06-13T13:15:00-04:00,tier_1_official,https://katysbarandgrill.com/weekly-specials/,needs_review,confirmed,Official Katy's weekly specials page confirms Wilmington address and lunch/dinner specials: Monday Philly Cheesesteak 10.99; Tuesday 1/2 Price Burgers; Wednesday 1/2 Priced Chicken Sandwiches; Thursday 6 Wings with Fries 9.99; Friday 2 Hotdogs with Fries 8.99. Breakfast and alcohol/bar/event copy excluded.,200 text/html,unverified,verified,lead,approved,true,source_capture;public_review_approval;fixture_mapping,public_deals_created,deal-wilmington-katys-monday-philly-cheesesteak;deal-wilmington-katys-tuesday-half-price-burgers;deal-wilmington-katys-wednesday-half-price-chicken-sandwiches;deal-wilmington-katys-thursday-wings-fries;deal-wilmington-katys-friday-hotdogs-fries,fixtures/prototype/evidence/verified-static/src-katys-grill-bar-weekly-specials-2026-06-13.md,,app/public/evidence/source-screenshots/src-katys-grill-bar-weekly-specials-2026-06-13.png,sha256:f8b3f4ca5e8be8ed5e2261d97245730cbc2e81daf2e2283b859959a5b466f15d,codex_phase_1u,2026-06-13T16:45:00-04:00,Source check supports Phase 1U static prototype public deal(s); food-only copy approved.,2026-06-27,verified_static,false,Static prototype data. Deal availability is not live and must be confirmed against the listed evidence date.
chk-wilmington-2026-06-13-coquina-daily-lunch-specials,deal-wilmington-coquina-daily-lunch-specials,coquina-fishbar,src-coquina-fishbar-daily-lunch-specials,,,cap-wilmington-2026-06-13-coquina-daily-lunch-specials,2026-06-13T13:15:00-04:00,codex_phase_1u,routine,2026-06-13T13:15:00-04:00,2026-06-13T13:15:00-04:00,tier_1_official,https://coquinafishbar.com/daily-lunch-specials/,needs_review,confirmed,"Official Coquina Fishbar daily lunch specials page confirms Wilmington Mayfaire address and $14 lunch specials from 11 AM to 4 PM with fountain beverage included. Listed days/items are Tuesday Tacos Wacos, Wednesday Cuban, Thursday Po'quina Boy, Friday Cheeseburger, and Friday Spicy Veggie Burger.",200 text/html,unverified,verified,lead,approved,true,source_capture;public_review_approval;fixture_mapping,public_deals_created,deal-wilmington-coquina-daily-lunch-specials,fixtures/prototype/evidence/verified-static/src-coquina-fishbar-daily-lunch-specials-2026-06-13.md,,app/public/evidence/source-screenshots/src-coquina-fishbar-daily-lunch-specials-2026-06-13.png,sha256:a98e49fa6b328434de2ea5872c82b39e57f1f0011b6effa3d105b2b4f7db281e,codex_phase_1u,2026-06-13T16:45:00-04:00,Source check supports Phase 1U static prototype public deal(s); food-only copy approved.,2026-06-27,verified_static,false,Static prototype data. Deal availability is not live and must be confirmed against the listed evidence date.
chk-wilmington-2026-06-13-kornerstone-verification-sweep,deal-wilmington-kornerstone-monday-kids-eat-free,kornerstone-bistro,src-kornerstone-bistro-primary,,,cap-wilmington-2026-06-13-kornerstone-verification-sweep,2026-06-13T14:15:00-04:00,codex_phase_1u,routine,2026-06-13T14:15:00-04:00,2026-06-13T14:15:00-04:00,tier_1_official,https://www.kornerstonebistro.com/,lead,confirmed,Official Kornerstone Bistro website confirms Wilmington address and weekly specials including Monday Kids Eat Free with dine-in-only note; restrictions incomplete.,200 text/html,unverified,verified,lead,approved,true,source_capture;public_review_approval;fixture_mapping,public_deals_created,deal-wilmington-kornerstone-monday-kids-eat-free,fixtures/prototype/evidence/verified-static/src-kornerstone-bistro-primary-2026-06-13.md,,app/public/evidence/source-screenshots/src-kornerstone-bistro-primary-2026-06-13.png,sha256:3ef23cd4ddb853bb651c4a0257c8af50900e6e9ccdaae02c84c3e6f54ac5bb69,codex_phase_1u,2026-06-13T16:45:00-04:00,Source check supports Phase 1U static prototype public deal(s); food-only copy approved.,2026-06-27,verified_static,false,Static prototype data. Deal availability is not live and must be confirmed against the listed evidence date.
chk-wilmington-2026-06-13-zapie-verification-sweep,deal-wilmington-za-pie-cheesy-trio,za-pie-pizzeria,src-za-pie-pizzeria-primary,,,cap-wilmington-2026-06-13-zapie-verification-sweep,2026-06-13T14:15:00-04:00,codex_phase_1u,routine,2026-06-13T14:15:00-04:00,2026-06-13T14:15:00-04:00,tier_1_official,https://www.zapie.com/,lead,confirmed,Official Za Pie website confirms Wilmington identity and standing specials including Cheesy Trio for $29.99 and Red Di Riso Di for $30.75.,200 text/html,unverified,verified,lead,approved,true,source_capture;public_review_approval;fixture_mapping,public_deals_created,deal-wilmington-za-pie-cheesy-trio;deal-wilmington-za-pie-red-di-riso-di,fixtures/prototype/evidence/verified-static/src-za-pie-pizzeria-primary-2026-06-13.md,,app/public/evidence/source-screenshots/src-za-pie-pizzeria-primary-2026-06-13.png,sha256:127a1f06a29de3297e39f9fabb0bf514c1c2d647841c445255d88b57e390a17d,codex_phase_1u,2026-06-13T16:45:00-04:00,Source check supports Phase 1U static prototype public deal(s); food-only copy approved.,2026-06-27,verified_static,false,Static prototype data. Deal availability is not live and must be confirmed against the listed evidence date.
chk-wilmington-2026-06-13-might-verification-sweep,deal-wilmington-might-as-well-2026-06-14-buffet-pizza,might-as-well-wilmington,src-might-as-well-wilmington-primary,,,cap-wilmington-2026-06-13-might-verification-sweep,2026-06-13T14:15:00-04:00,codex_phase_1u,routine,2026-06-13T14:15:00-04:00,2026-06-13T14:15:00-04:00,tier_1_official,https://wilmington.mightaswellbarandgrill.com/wilmington-might-as-well-bar-and-grill-wilmington-happy-hours-specials,lead,confirmed,"Official Might As Well Wilmington specials page checked 2026-06-13 lists date-windowed food specials for June 14, June 15, June 16, and June 18; alcohol and event copy excluded.",200 text/html,unverified,verified,lead,approved,true,source_capture;public_review_approval;fixture_mapping,public_deals_created,deal-wilmington-might-as-well-2026-06-14-buffet-pizza;deal-wilmington-might-as-well-2026-06-15-appetizer-menu;deal-wilmington-might-as-well-2026-06-16-cheese-quesadilla;deal-wilmington-might-as-well-2026-06-18-cheeseburgers,fixtures/prototype/evidence/verified-static/src-might-as-well-wilmington-primary-2026-06-13.md,,app/public/evidence/source-screenshots/src-might-as-well-wilmington-primary-2026-06-13.png,sha256:a7ba68a5ea0b7f476bf753b25e7a8ca9a21aed5666eeded4046f28e43ee3d0bd,codex_phase_1u,2026-06-13T16:45:00-04:00,Source check supports Phase 1U static prototype public deal(s); food-only copy approved.,2026-06-16,verified_static,false,Static prototype data. Deal availability is not live and must be confirmed against the listed evidence date.
